"","image2","unique_pair","image1","image_path","target_id","distractor_id","text1","text2","full_phrase_language","full_phrase","trial_type_id","dataset_id","vanilla_trial"
"1","balti.png","0_26","wa.png","casillas_tseltal_2015",26,0,"tortilla","bucket","zxx","ila wil, wa, a!",0,0,1
"2","baso.png","1_20","si'.png","casillas_tseltal_2015",20,1,"firewood","cup","zxx","ila wil, si', .. .",1,0,1
"3","bojch.png","2_8","k'ajk'.png","casillas_tseltal_2015",8,2,"fire","bowl","zxx","ila wil, k'ajk', ya xba jletik!",2,0,1
"4","chenek'.png","3_7","ja'.png","casillas_tseltal_2015",7,3,"water","bean","zxx","ila wil, ja', a!",3,0,1
"5","chojak'.png","4_12","mes.png","casillas_tseltal_2015",12,4,"broom","purse","zxx","ila wil, mes, a!",4,0,1
"6","ich.png","3_5","chenek'.png","casillas_tseltal_2015",3,5,"bean","chile","zxx","ila wil, chenek', ya xba jletik!",5,0,1
"7","ixim.png","4_6","chojak'.png","casillas_tseltal_2015",4,6,"purse","corn","zxx","ila wil, chojak', a!",6,0,1
"8","ja'.png","7_21","t'inel.png","casillas_tseltal_2015",21,7,"doorway","water","zxx","ila wil, t'inel, .. .",7,0,1
"9","k'ajk'.png","8_14","moch.png","casillas_tseltal_2015",14,8,"basket","fire","zxx","ila wil, moch, .. .",8,0,1
"10","karo.png","9_11","machit.png","casillas_tseltal_2015",11,9,"machete","car","zxx","ila wil, machit, ya xba jletik!",9,0,1
"11","lo'bal.png","10_23","tomut.png","casillas_tseltal_2015",23,10,"egg","banana","zxx","ila wil, tomut, ya xba jletik!",10,0,1
"12","machit.png","11_13","mexa.png","casillas_tseltal_2015",13,11,"table","machete","zxx","ila wil, mexa, .. .",11,0,1
"13","mes.png","12_19","pelota.png","casillas_tseltal_2015",19,12,"ball","broom","zxx","ila wil, pelota, a!",12,0,1
"14","mexa.png","13_27","waybal.png","casillas_tseltal_2015",27,13,"bed","table","zxx","ila wil, waybal, ya xba jletik!",13,0,1
"15","moch.png","10_14","lo'bal.png","casillas_tseltal_2015",10,14,"banana","basket","zxx","ila wil, lo'bal, a!",14,0,1
"16","mut.png","15_24","tz'i.png","casillas_tseltal_2015",24,15,"dog","chicken","zxx","ila wil, tz'i, ya xba jletik!",15,0,1
"17","na.png","16_29","xila.png","casillas_tseltal_2015",29,16,"chair","house","zxx","ila wil, xila, .. .",16,0,1
"18","nichim.png","17_22","te.png","casillas_tseltal_2015",22,17,"tree","flower","zxx","ila wil, te, .. .",17,0,1
"19","p'in.png","16_18","na.png","casillas_tseltal_2015",16,18,"house","pot","zxx","ila wil, na, ya xba jletik!",18,0,1
"20","pelota.png","0_19","balti.png","casillas_tseltal_2015",0,19,"bucket","ball","zxx","ila wil, balti, .. .",19,0,1
"21","si'.png","18_20","p'in.png","casillas_tseltal_2015",18,20,"pot","firewood","zxx","ila wil, p'in, a!",20,0,1
"22","t'inel.png","5_21","ich.png","casillas_tseltal_2015",5,21,"chile","doorway","zxx","ila wil, ich, .. .",21,0,1
"23","te.png","6_22","ixim.png","casillas_tseltal_2015",6,22,"corn","tree","zxx","ila wil, ixim, a!",22,0,1
"24","tomut.png","17_23","nichim.png","casillas_tseltal_2015",17,23,"flower","egg","zxx","ila wil, nichim, a!",23,0,1
"25","tz'i.png","24_28","xawin.png","casillas_tseltal_2015",28,24,"cat","dog","zxx","ila wil, xawin, ya xba jletik!",24,0,1
"26","tzek'.png","15_25","mut.png","casillas_tseltal_2015",15,25,"chicken","skirt","zxx","ila wil, mut, ya xba jletik!",25,0,1
"27","wa.png","2_26","bojch.png","casillas_tseltal_2015",2,26,"bowl","tortilla","zxx","ila wil, bojch, a!",26,0,1
"28","waybal.png","1_27","baso.png","casillas_tseltal_2015",1,27,"cup","bed","zxx","ila wil, baso, ya xba jletik!",27,0,1
"29","xawin.png","25_28","tzek'.png","casillas_tseltal_2015",25,28,"skirt","cat","zxx","ila wil, tzek', a!",28,0,1
"30","xila.png","9_29","karo.png","casillas_tseltal_2015",9,29,"car","chair","zxx","ila wil, karo, .. .",29,0,1
"31","pinkPig.jpg","38_47","holsteinCow.jpg","perry_cowpig",38,47,"cow","pig","eng",NA,61,2,1
"32","brown lion.jpg","39_43","grayElephant2.jpg","perry_cowpig",39,43,"elephant","lion","eng",NA,62,2,1
"33","redPeas.jpg","40_46","greenStrawberry.jpg","perry_cowpig",40,46,"green strawberry","red peas","eng",NA,63,2,0
"34","yellowMonkey.jpg","41_48","brownDuck.jpg","perry_cowpig",41,48,"brown duck","yellow monkey","eng",NA,64,2,0
"35","green zebra.jpg","42_44","stripedFrog.jpg","perry_cowpig",42,44,"striped frog","green zebra","eng",NA,65,2,0
"36","purpleGrapes.jpg","45_49","yellowBanana.jpg","perry_cowpig",45,49,"banana","grapes","eng",NA,68,2,1
"37","greenPeas.jpg","50_58","redStrawberry.jpg","perry_cowpig",50,58,"strawberry","peas","eng",NA,85,2,1
"38","holsteinPig.jpg","51_59","pinkCow.jpg","perry_cowpig",51,59,"pink cow","holstein pig","eng",NA,86,2,0
"39","grayLion2.jpg","52_55","brownElephant2.jpg","perry_cowpig",52,55,"brown elephant","grey lion","eng",NA,87,2,0
"40","brownMonkey.jpg","53_60","yellowDuck.jpg","perry_cowpig",53,60,"duck","monkey","eng",NA,88,2,1
"41","stripedZebra.jpg","54_56","greenFrog.jpg","perry_cowpig",54,56,"frog","zebra","eng",NA,89,2,1
"42","yellowGrapes.jpg","57_61","purpleBanana.jpg","perry_cowpig",57,61,"purple banana","yellow grapes","eng",NA,92,2,0
"43","crib.jpg","82_90","slide.jpg","pomper_saffran_2016",82,90,"slide","crib","eng","Find the orange one",133,4,1
"44","boot.jpg","83_91","knife.jpg","pomper_saffran_2016",83,91,"knife","boot","eng","Find the red one",134,4,1
"45","hammer.jpg","84_92","zipper.jpg","pomper_saffran_2016",84,92,"zipper","hammer","eng","Where is the yellow one",135,4,1
"46","ladder.jpg","85_93","flag.jpg","pomper_saffran_2016",85,93,"flag","ladder","eng","Find the white one",136,4,1
"47","slipper.jpg","86_94","belt.jpg","pomper_saffran_2016",86,94,"belt","slipper","eng","Where is the red one",137,4,1
"48","puzzle.jpg","87_95","tape.jpg","pomper_saffran_2016",87,95,"tape","puzzle","eng","Look at the black one",138,4,1
"49","glasses.jpg","88_96","dress.jpg","pomper_saffran_2016",88,96,"dress","glasses","eng","Where is the orange one",139,4,1
"50","chalk.jpg","89_97","pudding.jpg","pomper_saffran_2016",89,97,"pudding","chalk","eng","Look at the brown one",140,4,1
"51","shorts.jpg","130_138","bucket.jpg","pomper_saffran_2016",130,138,"bucket","shorts","eng","Look at the bucket",141,4,1
"52","purse.jpg","131_139","sock.jpg","pomper_saffran_2016",131,139,"sock","purse","eng","Look at the sock",142,4,1
"53","shovel.jpg","132_140","hose.jpg","pomper_saffran_2016",132,140,"hose","shovel","eng","Where's the hose",143,4,1
"54","lamp.jpg","133_141","glove.jpg","pomper_saffran_2016",133,141,"glove","lamp","eng","Find the glove",144,4,1
"55","can.jpg","134_142","donut.jpg","pomper_saffran_2016",134,142,"donut","can","eng","Find the donut",145,4,1
"56","comb.jpg","135_143","bib.jpg","pomper_saffran_2016",135,143,"bib","comb","eng","Find the bib",146,4,1
"57","muffin.jpg","136_144","necklace.jpg","pomper_saffran_2016",136,144,"necklace","muffin","eng","Look at the necklace",147,4,1
"58","plate.jpg","137_145","scissors.jpg","pomper_saffran_2016",137,145,"scissors","plate","eng","Where's the scissors",148,4,1
"59","crib.jpg","114_122","slide.jpg","pomper_saffran_2016",114,122,"slide","crib","eng","Where's the slide",149,4,1
"60","boot.jpg","115_123","knife.jpg","pomper_saffran_2016",115,123,"knife","boot","eng","Find the knife",150,4,1
"61","hammer.jpg","116_124","zipper.jpg","pomper_saffran_2016",116,124,"zipper","hammer","eng","Look at the zipper",151,4,1
"62","ladder.jpg","117_125","flag.jpg","pomper_saffran_2016",117,125,"flag","ladder","eng","Where's the flag",152,4,1
"63","slipper.jpg","118_126","belt.jpg","pomper_saffran_2016",118,126,"belt","slipper","eng","Look at the belt",153,4,1
"64","puzzle.jpg","119_127","tape.jpg","pomper_saffran_2016",119,127,"tape","puzzle","eng","Look at the tape",154,4,1
"65","glasses.jpg","120_128","dress.jpg","pomper_saffran_2016",120,128,"dress","glasses","eng","Where's the dress",155,4,1
"66","chalk.jpg","121_129","pudding.jpg","pomper_saffran_2016",121,129,"pudding","chalk","eng","Look at the pudding",156,4,1
"67","shorts.jpg","98_106","bucket.jpg","pomper_saffran_2016",98,106,"bucket","shorts","eng","Look at the green one",157,4,1
"68","purse.jpg","99_107","sock.jpg","pomper_saffran_2016",99,107,"sock","purse","eng","Look at the blue one",158,4,1
"69","shovel.jpg","100_108","hose.jpg","pomper_saffran_2016",100,108,"hose","shovel","eng","Where is the black one",159,4,1
"70","lamp.jpg","101_109","glove.jpg","pomper_saffran_2016",101,109,"glove","lamp","eng","Where is the brown one",160,4,1
"71","can.jpg","102_110","donut.jpg","pomper_saffran_2016",102,110,"donut","can","eng","Find the yellow one",161,4,1
"72","comb.jpg","103_111","bib.jpg","pomper_saffran_2016",103,111,"bib","comb","eng","Look at the green one",162,4,1
"73","muffin.jpg","104_112","necklace.jpg","pomper_saffran_2016",104,112,"necklace","muffin","eng","Find the white one",163,4,1
"74","plate.jpg","105_113","scissors.jpg","pomper_saffran_2016",105,113,"scissors","plate","eng","Where is the blue one",164,4,1
"75","left/car3.png","254_255","right/book3.png","adams_marchman_2018",254,255,"book","car","eng",NA,733,8,1
"76","left/birdy3.png","256_257","right/kitty3.png","adams_marchman_2018",256,257,"kitty","birdie","eng",NA,734,8,1
"77","left/shoe3.png","260_261","right/ball3.png","adams_marchman_2018",260,261,"ball","shoe","eng",NA,735,8,1
"78","left/doggie4.png","264_265","right/baby4.png","adams_marchman_2018",264,265,"baby","doggy","eng",NA,736,8,1
"79","left/kitty2.png","252_253","right/birdy2.png","adams_marchman_2018",253,252,"birdie","kitty","eng",NA,737,8,1
"80","left/baby2.png","244_245","right/doggie2.png","adams_marchman_2018",244,245,"doggy","baby","eng",NA,738,8,1
"81","left/book3.png","270_271","right/car3.png","adams_marchman_2018",270,271,"car","book","eng",NA,739,8,1
"82","left/ball3.png","274_275","right/shoe3.png","adams_marchman_2018",274,275,"shoe","ball","eng",NA,740,8,1
"83","left/birdy1.png","278_279","right/kitty1.png","adams_marchman_2018",278,279,"kitty","birdie","eng",NA,741,8,1
"84","left/book1.png","240_241","right/car1.png","adams_marchman_2018",240,241,"car","book","eng",NA,742,8,1
"85","left/shoe1.png","280_281","right/ball1.png","adams_marchman_2018",280,281,"ball","shoe","eng",NA,743,8,1
"86","left/car1.png","284_285","right/book1.png","adams_marchman_2018",284,285,"book","car","eng",NA,744,8,1
"87","left/ball2.png","246_247","right/shoe2.png","adams_marchman_2018",246,247,"shoe","ball","eng",NA,747,8,1
"88","left/kitty1.png","248_249","right/birdy1.png","adams_marchman_2018",248,249,"birdie","kitty","eng",NA,748,8,1
"89","left/doggie3.png","258_259","right/baby3.png","adams_marchman_2018",259,258,"baby","doggy","eng",NA,749,8,1
"90","left/birdy4.png","262_263","right/kitty4.png","adams_marchman_2018",263,262,"kitty","birdie","eng",NA,750,8,1
"91","left/car4.png","266_267","right/book4.png","adams_marchman_2018",267,266,"book","car","eng",NA,751,8,1
"92","left/shoe4.png","268_269","right/ball4.png","adams_marchman_2018",269,268,"ball","shoe","eng",NA,752,8,1
"93","left/baby1.png","238_239","right/doggie1.png","adams_marchman_2018",239,238,"doggy","baby","eng",NA,753,8,1
"94","left/book2.png","250_251","right/car2.png","adams_marchman_2018",251,250,"car","book","eng",NA,754,8,1
"95","left/kitty3.png","272_273","right/birdy3.png","adams_marchman_2018",273,272,"birdie","kitty","eng",NA,756,8,1
"96","left/baby3.png","276_277","right/doggie3.png","adams_marchman_2018",277,276,"doggy","baby","eng",NA,757,8,1
"97","left/doggie1.png","282_283","right/baby1.png","adams_marchman_2018",283,282,"baby","doggy","eng",NA,758,8,1
"98","left/ball1.png","242_243","right/shoe1.png","adams_marchman_2018",243,242,"shoe","ball","eng",NA,762,8,1
"99","book.png","437_438","dog.png","sander-montant_2022",437,438,"dog","book","eng",NA,1030,10,1
"100","door.png","439_440","mouth.png","sander-montant_2022",439,440,"mouth","door","eng",NA,1031,10,1
"101","foot.png","441_442","cookie.png","sander-montant_2022",441,442,"cookie","foot","eng",NA,1032,10,1
"102","foot.png","442_451","cookie.png","sander-montant_2022",451,442,"cookie","foot","fre",NA,1045,10,1
"103","book.png","438_452","dog.png","sander-montant_2022",452,438,"dog","book","fre",NA,1046,10,1
"104","door.png","440_458","mouth.png","sander-montant_2022",458,440,"mouth","door","fre",NA,1050,10,1
"105","cookie.png","441_447","foot.png","sander-montant_2022",447,441,"foot","cookie","fre",NA,1052,10,1
"106","mouth.png","439_450","door.png","sander-montant_2022",450,439,"door","mouth","fre",NA,1053,10,1
"107","dog.png","437_453","book.png","sander-montant_2022",453,437,"book","dog","fre",NA,1054,10,1
"108","cat.jpg","484_490","shoe.jpg","baumgartner_2014",484,490,"shoe","kitty","eng","shoe! Where's the shoe?",1068,11,1
"109","FribbleB.png","485_486","FribbleA.png","baumgartner_2014",485,486,"lif","neem","eng","lif! Where's the lif?",1069,11,0
"110","car.jpg","487_489","dog.jpg","baumgartner_2014",487,489,"dog","car","eng","dog! Can you find the dog?",1071,11,1
"111","dog.jpg","487_488","baby.jpg","baumgartner_2014",488,487,"baby","dog","eng","baby! Can you find the baby?",1073,11,1
"112","baby.jpg","488_490","cat.jpg","baumgartner_2014",490,488,"kitty","baby","eng","kitty! Can you find the kitty?",1076,11,1
"113","FribbleB.png","491_493","FribbleA.png","baumgartner_2014",491,493,"neem","lif","eng","neem! Can you find the neem?",1077,11,0
"114","dog.jpg","487_492","ball.jpg","baumgartner_2014",492,487,"ball","dog","eng","ball! Where's the ball?",1078,11,1
"115","shoe.jpg","484_489","car.jpg","baumgartner_2014",489,484,"car","shoe","eng","car! Can you find the car?",1082,11,1
"116","car.jpg","489_492","ball.jpg","baumgartner_2014",492,489,"ball","car","eng","ball! Can you find the ball?",1084,11,1
"117","baby.jpg","484_488","shoe.jpg","baumgartner_2014",484,488,"shoe","baby","eng","shoe! Where's the shoe?",1085,11,1
"118","shoe.jpg","484_487","dog.jpg","baumgartner_2014",487,484,"dog","shoe","eng","dog! Can you find the dog?",1087,11,1
"119","ball.jpg","490_492","cat.jpg","baumgartner_2014",490,492,"kitty","ball","eng","kitty! Can you find the kitty?",1103,11,1
"120","shoe.jpg","484_492","ball.jpg","baumgartner_2014",492,484,"ball","shoe","eng","ball! Where's the ball?",1108,11,1
"121","dog.jpg","487_490","cat.jpg","baumgartner_2014",490,487,"kitty","dog","eng","kitty! Where's the kitty?",1116,11,1
"122","car.jpg","488_489","baby.jpg","baumgartner_2014",488,489,"baby","car","eng","baby! Can you find the baby?",1124,11,1
"123","cake_right.jpg","502_519","novel2.jpg","pomper_salientme",502,519,"orange-yellow unfamiliar object","cake","eng","Where is the sprock",1363,13,0
"124","fish_left.jpg","503_525","novel1.jpg","pomper_salientme",503,525,"purple unfamiliar object","fish","eng","Find the pifo",1364,13,0
"125","novel4.jpg","504_507","chair_left.jpg","pomper_salientme",504,507,"chair","blue unfamiliar object","eng","Look at the chair",1365,13,0
"126","novel3.jpg","505_509","bed_right.jpg","pomper_salientme",505,509,"bed","green unfamiliar object","eng","Find the bed",1366,13,0
"127","novel2.jpg","502_506","bus_right.jpg","pomper_salientme",506,502,"bus","orange-yellow unfamiliar object","eng","Where is the bus",1367,13,0
"128","door.jpg","507_518","novel4.jpg","pomper_salientme",507,518,"blue unfamiliar object","door","eng","Look at the jang",1368,13,0
"129","bird_right.jpg","503_526","novel1.jpg","pomper_salientme",503,526,"purple unfamiliar object","bird","eng","Where is the pifo",1369,13,0
"130","novel2.jpg","502_508","cat_right.jpg","pomper_salientme",508,502,"cat","orange-yellow unfamiliar object","eng","Look at the cat",1370,13,0
"131","brush.jpg","509_516","novel3.jpg","pomper_salientme",509,516,"green unfamiliar object","brush","eng","Find the tever",1371,13,0
"132","box.jpg","507_514","novel4.jpg","pomper_salientme",507,514,"blue unfamiliar object","box","eng","Where is the jang",1372,13,0
"133","novel3.jpg","509_510","sock_left.jpg","pomper_salientme",510,509,"sock","green unfamiliar object","eng","Find the sock",1373,13,0
"134","novel4.jpg","507_511","chair_right.jpg","pomper_salientme",511,507,"chair","blue unfamiliar object","eng","Look at the chair",1374,13,0
"135","novel1.jpg","503_512","fish_right.jpg","pomper_salientme",512,503,"fish","purple unfamiliar object","eng","Where is the fish",1375,13,0
"136","novel1.jpg","503_513","juice.jpg","pomper_salientme",513,503,"juice","purple unfamiliar object","eng","Look at the juice",1376,13,0
"137","sock_right.jpg","509_527","novel3.jpg","pomper_salientme",509,527,"green unfamiliar object","sock","eng","Where is the tever",1378,13,0
"138","cake_left.jpg","502_528","novel2.jpg","pomper_salientme",502,528,"orange-yellow unfamiliar object","cake","eng","Look at the sprock",1379,13,0
"139","bed_left.jpg","509_520","novel3.jpg","pomper_salientme",509,520,"green unfamiliar object","bed","eng","Find the tever",1380,13,0
"140","novel2.jpg","502_515","bus_left.jpg","pomper_salientme",515,502,"bus","orange-yellow unfamiliar object","eng","Look at the bus",1381,13,0
"141","cat_left.jpg","502_529","novel2.jpg","pomper_salientme",502,529,"orange-yellow unfamiliar object","cat","eng","Where is the sprock",1384,13,0
"142","novel1.jpg","503_517","bird_left.jpg","pomper_salientme",517,503,"bird","purple unfamiliar object","eng","Find the bird",1385,13,0
"143","novel1.jpg","502_503","novel2.jpg","pomper_salientme",502,503,"orange-yellow unfamiliar object","purple unfamiliar object","eng","Look at the sprock",1387,13,0
"144","novel4.jpg","507_509","novel3.jpg","pomper_salientme",509,507,"green unfamiliar object","blue unfamiliar object","eng","Where is the tever",1388,13,0
"145","juice.jpg","513_517","bird_left.jpg","pomper_salientme",517,513,"bird","juice","eng","Find the bird",1389,13,1
"146","brush.jpg","516_518","door.jpg","pomper_salientme",518,516,"door","brush","eng","Where is the door",1391,13,1
"147","bus_left.jpg","515_519","cake_right.jpg","pomper_salientme",519,515,"cake","bus","eng","Where is the cake",1393,13,1
"148","chair_right.jpg","511_520","bed_left.jpg","pomper_salientme",520,511,"bed","chair","eng","Find the bed",1395,13,1
"149","cat_left.jpg","512_529","fish_right.jpg","pomper_salientme",512,529,"fish","cat","eng","Find the fish",1397,13,1
"150","box.jpg","510_514","sock_left.jpg","pomper_salientme",510,514,"sock","box","eng","Find the sock",1400,13,1
"151","sock_right.jpg","521_527","novel3.jpg","pomper_salientme",521,527,"green unfamiliar object","sock","eng","Where is the pifo",1415,13,0
"152","door.jpg","518_522","novel4.jpg","pomper_salientme",522,518,"blue unfamiliar object","door","eng","Look at the sprock",1416,13,0
"153","novel1.jpg","513_523","juice.jpg","pomper_salientme",513,523,"juice","purple unfamiliar object","eng","Look at the juice",1417,13,0
"154","novel2.jpg","506_524","bus_right.jpg","pomper_salientme",506,524,"bus","orange-yellow unfamiliar object","eng","Look at the bus",1418,13,0
"155","novel3.jpg","505_521","bed_right.jpg","pomper_salientme",505,521,"bed","green unfamiliar object","eng","Where is the bed",1419,13,0
"156","fish_left.jpg","523_525","novel1.jpg","pomper_salientme",523,525,"purple unfamiliar object","fish","eng","Find the tever",1420,13,0
"157","novel3.jpg","516_521","brush.jpg","pomper_salientme",516,521,"brush","green unfamiliar object","eng","Find the brush",1422,13,0
"158","cake_left.jpg","524_528","novel2.jpg","pomper_salientme",524,528,"orange-yellow unfamiliar object","cake","eng","Where is the jang",1423,13,0
"159","bird_right.jpg","523_526","novel1.jpg","pomper_salientme",523,526,"purple unfamiliar object","bird","eng","Where is the tever",1424,13,0
"160","novel2.jpg","515_524","bus_left.jpg","pomper_salientme",515,524,"bus","orange-yellow unfamiliar object","eng","Look at the bus",1425,13,0
"161","novel1.jpg","512_523","fish_right.jpg","pomper_salientme",512,523,"fish","purple unfamiliar object","eng","Find the fish",1426,13,0
"162","novel4.jpg","511_522","chair_right.jpg","pomper_salientme",511,522,"chair","blue unfamiliar object","eng","Look at the chair",1427,13,0
"163","novel4.jpg","514_522","box.jpg","pomper_salientme",514,522,"box","blue unfamiliar object","eng","Where is the box",1428,13,0
"164","novel1.jpg","517_523","bird_left.jpg","pomper_salientme",517,523,"bird","purple unfamiliar object","eng","Find the bird",1429,13,0
"165","cake_right.jpg","519_524","novel2.jpg","pomper_salientme",524,519,"orange-yellow unfamiliar object","cake","eng","Look at the jang",1430,13,0
"166","bed_left.jpg","520_521","novel3.jpg","pomper_salientme",521,520,"green unfamiliar object","bed","eng","Find the pifo",1431,13,0
"167","cat_left.jpg","524_529","novel2.jpg","pomper_salientme",524,529,"orange-yellow unfamiliar object","cat","eng","Where is the jang",1432,13,0
"168","novel3.jpg","510_521","sock_left.jpg","pomper_salientme",510,521,"sock","green unfamiliar object","eng","Find the sock",1433,13,0
"169","novel2.jpg","508_524","cat_right.jpg","pomper_salientme",508,524,"cat","orange-yellow unfamiliar object","eng","Look at the cat",1434,13,0
"170","novel4.jpg","504_522","chair_left.jpg","pomper_salientme",504,522,"chair","blue unfamiliar object","eng","Look at the chair",1437,13,0
"171","novel4.jpg","521_522","novel3.jpg","pomper_salientme",521,522,"green unfamiliar object","blue unfamiliar object","eng","Find the pifo",1439,13,0
"172","novel2.jpg","523_524","novel1.jpg","pomper_salientme",523,524,"purple unfamiliar object","orange-yellow unfamiliar object","eng","Find the tever",1440,13,0
"173","cake_right.jpg","507_519","novel4.jpg","pomper_salientme",507,519,"blue unfamiliar object","cake","eng","Where is the jang",1447,13,0
"174","fish_left.jpg","509_525","novel3.jpg","pomper_salientme",509,525,"green unfamiliar object","fish","eng","Find the tever",1448,13,0
"175","novel2.jpg","502_504","chair_left.jpg","pomper_salientme",504,502,"chair","orange-yellow unfamiliar object","eng","Look at the chair",1449,13,0
"176","novel1.jpg","503_505","bed_right.jpg","pomper_salientme",505,503,"bed","purple unfamiliar object","eng","Find the bed",1450,13,0
"177","novel4.jpg","506_507","bus_right.jpg","pomper_salientme",506,507,"bus","blue unfamiliar object","eng","Where is the bus",1451,13,0
"178","door.jpg","502_518","novel2.jpg","pomper_salientme",502,518,"orange-yellow unfamiliar object","door","eng","Look at the sprock",1452,13,0
"179","bird_right.jpg","509_526","novel3.jpg","pomper_salientme",509,526,"green unfamiliar object","bird","eng","Where is the tever",1453,13,0
"180","novel4.jpg","507_508","cat_right.jpg","pomper_salientme",508,507,"cat","blue unfamiliar object","eng","Look at the cat",1454,13,0
"181","brush.jpg","503_516","novel1.jpg","pomper_salientme",503,516,"purple unfamiliar object","brush","eng","Find the pifo",1455,13,0
"182","box.jpg","502_514","novel2.jpg","pomper_salientme",502,514,"orange-yellow unfamiliar object","box","eng","Where is the sprock",1456,13,0
"183","novel1.jpg","503_510","sock_left.jpg","pomper_salientme",510,503,"sock","purple unfamiliar object","eng","Find the sock",1457,13,0
"184","novel2.jpg","502_511","chair_right.jpg","pomper_salientme",511,502,"chair","orange-yellow unfamiliar object","eng","Look at the chair",1458,13,0
"185","novel3.jpg","509_512","fish_right.jpg","pomper_salientme",512,509,"fish","green unfamiliar object","eng","Where is the fish",1459,13,0
"186","novel3.jpg","509_513","juice.jpg","pomper_salientme",513,509,"juice","green unfamiliar object","eng","Look at the juice",1460,13,0
"187","sock_right.jpg","503_527","novel1.jpg","pomper_salientme",503,527,"purple unfamiliar object","sock","eng","Where is the pifo",1462,13,0
"188","cake_left.jpg","507_528","novel4.jpg","pomper_salientme",507,528,"blue unfamiliar object","cake","eng","Look at the jang",1463,13,0
"189","bed_left.jpg","503_520","novel1.jpg","pomper_salientme",503,520,"purple unfamiliar object","bed","eng","Find the pifo",1464,13,0
"190","novel4.jpg","507_515","bus_left.jpg","pomper_salientme",515,507,"bus","blue unfamiliar object","eng","Look at the bus",1465,13,0
"191","cat_left.jpg","507_529","novel4.jpg","pomper_salientme",507,529,"blue unfamiliar object","cat","eng","Where is the jang",1468,13,0
"192","novel3.jpg","509_517","bird_left.jpg","pomper_salientme",517,509,"bird","green unfamiliar object","eng","Find the bird",1469,13,0
"193","cake_right.jpg","519_522","novel4.jpg","pomper_salientme",522,519,"blue unfamiliar object","cake","eng","Where is the sprock",1490,13,0
"194","fish_left.jpg","521_525","novel3.jpg","pomper_salientme",521,525,"green unfamiliar object","fish","eng","Find the pifo",1491,13,0
"195","novel2.jpg","504_524","chair_left.jpg","pomper_salientme",504,524,"chair","orange-yellow unfamiliar object","eng","Look at the chair",1492,13,0
"196","novel1.jpg","505_523","bed_right.jpg","pomper_salientme",505,523,"bed","purple unfamiliar object","eng","Find the bed",1493,13,0
"197","novel4.jpg","506_522","bus_right.jpg","pomper_salientme",506,522,"bus","blue unfamiliar object","eng","Where is the bus",1494,13,0
"198","door.jpg","518_524","novel2.jpg","pomper_salientme",524,518,"orange-yellow unfamiliar object","door","eng","Look at the jang",1495,13,0
"199","bird_right.jpg","521_526","novel3.jpg","pomper_salientme",521,526,"green unfamiliar object","bird","eng","Where is the pifo",1496,13,0
"200","novel4.jpg","508_522","cat_right.jpg","pomper_salientme",508,522,"cat","blue unfamiliar object","eng","Look at the cat",1497,13,0
"201","brush.jpg","516_523","novel1.jpg","pomper_salientme",523,516,"purple unfamiliar object","brush","eng","Find the tever",1498,13,0
"202","box.jpg","514_524","novel2.jpg","pomper_salientme",524,514,"orange-yellow unfamiliar object","box","eng","Where is the jang",1499,13,0
"203","novel1.jpg","510_523","sock_left.jpg","pomper_salientme",510,523,"sock","purple unfamiliar object","eng","Find the sock",1500,13,0
"204","novel2.jpg","511_524","chair_right.jpg","pomper_salientme",511,524,"chair","orange-yellow unfamiliar object","eng","Look at the chair",1501,13,0
"205","novel3.jpg","512_521","fish_right.jpg","pomper_salientme",512,521,"fish","green unfamiliar object","eng","Where is the fish",1502,13,0
"206","novel3.jpg","513_521","juice.jpg","pomper_salientme",513,521,"juice","green unfamiliar object","eng","Look at the juice",1503,13,0
"207","sock_right.jpg","523_527","novel1.jpg","pomper_salientme",523,527,"purple unfamiliar object","sock","eng","Where is the tever",1505,13,0
"208","cake_left.jpg","522_528","novel4.jpg","pomper_salientme",522,528,"blue unfamiliar object","cake","eng","Look at the sprock",1506,13,0
"209","bed_left.jpg","520_523","novel1.jpg","pomper_salientme",523,520,"purple unfamiliar object","bed","eng","Find the tever",1507,13,0
"210","novel4.jpg","515_522","bus_left.jpg","pomper_salientme",515,522,"bus","blue unfamiliar object","eng","Look at the bus",1508,13,0
"211","cat_left.jpg","522_529","novel4.jpg","pomper_salientme",522,529,"blue unfamiliar object","cat","eng","Where is the sprock",1511,13,0
"212","novel3.jpg","517_521","bird_left.jpg","pomper_salientme",517,521,"bird","green unfamiliar object","eng","Find the bird",1512,13,0
"213","L2.034_right.png","598_599","L2.034_left.png","yoon_simpimp_2015",598,599,"banana","carrot","eng",NA,1616,15,1
"214","L1.020_right.png","554_555","L1.020_left.png","yoon_simpimp_2015",554,555,"banana","carrot","eng",NA,1617,15,1
"215","L1.039_left.png","570_571","L1.039_right.png","yoon_simpimp_2015",570,571,"carrot","banana-carrot","eng",NA,1618,15,0
"216","L1.029_right.png","562_563","L1.029_left.png","yoon_simpimp_2015",562,563,"ball-truck","truck","eng",NA,1619,15,0
"217","L2.017_right.png","584_585","L2.017_left.png","yoon_simpimp_2015",584,585,"bike-car","bike","eng",NA,1620,15,0
"218","L1.041_right.png","572_573","L1.041_left.png","yoon_simpimp_2015",572,573,"car","bike","eng",NA,1621,15,1
"219","L2.036_left.png","600_601","L2.036_right.png","yoon_simpimp_2015",600,601,"truck","ball","eng",NA,1622,15,1
"220","L1.034_left.png","566_567","L1.034_right.png","yoon_simpimp_2015",566,567,"truck","ball","eng",NA,1623,15,1
"221","L2.027_right.png","592_593","L2.027_left.png","yoon_simpimp_2015",592,593,"car","bike","eng",NA,1624,15,1
"222","L1.022_right.png","556_557","L1.022_left.png","yoon_simpimp_2015",556,557,"car","car-bike","eng",NA,1625,15,0
"223","L2.046_left.png","608_609","L2.046_right.png","yoon_simpimp_2015",608,609,"bike","car-bike","eng",NA,1626,15,0
"224","L1.036_left.png","568_569","L1.036_right.png","yoon_simpimp_2015",568,569,"bike","car","eng",NA,1627,15,1
"225","L1.012_left.png","548_549","L1.012_right.png","yoon_simpimp_2015",548,549,"bear","flower","eng",NA,1628,15,1
"226","L2.029_left.png","594_595","L2.029_right.png","yoon_simpimp_2015",594,595,"carrot-banana","carrot","eng",NA,1629,15,0
"227","L1.048_right.png","578_579","L1.048_left.png","yoon_simpimp_2015",578,579,"ball","truck","eng",NA,1630,15,1
"228","L2.022_right.png","588_589","L2.022_left.png","yoon_simpimp_2015",588,589,"ball","truck-ball","eng",NA,1631,15,0
"229","L2.041_right.png","604_605","L2.041_left.png","yoon_simpimp_2015",604,605,"flower","bear","eng",NA,1632,15,1
"230","L1.032_right.png","564_565","L1.032_left.png","yoon_simpimp_2015",564,565,"flower-bear","bear","eng",NA,1633,15,0
"231","L1.046_left.png","576_577","L1.046_right.png","yoon_simpimp_2015",576,577,"bear","bear-flower","eng",NA,1634,15,0
"232","L1.015_right.png","550_551","L1.015_left.png","yoon_simpimp_2015",550,551,"apple","orange-apple","eng",NA,1636,15,0
"233","L2.024_left.png","590_591","L2.024_right.png","yoon_simpimp_2015",590,591,"cat","dog","eng",NA,1637,15,1
"234","L2.039_left.png","602_603","L2.039_right.png","yoon_simpimp_2015",602,603,"flower","flower-bear","eng",NA,1638,15,0
"235","L2.020_left.png","586_587","L2.020_right.png","yoon_simpimp_2015",586,587,"bear","flower","eng",NA,1639,15,1
"236","L2.032_right.png","596_597","L2.032_left.png","yoon_simpimp_2015",596,597,"orange-apple","orange","eng",NA,1640,15,0
"237","L1.027_right.png","560_561","L1.027_left.png","yoon_simpimp_2015",560,561,"cat","dog","eng",NA,1641,15,1
"238","L2.015_left.png","582_583","L2.015_right.png","yoon_simpimp_2015",582,583,"dog","dog-cat","eng",NA,1642,15,0
"239","L2.043_right.png","606_607","L2.043_left.png","yoon_simpimp_2015",606,607,"cat-dog","dog","eng",NA,1643,15,0
"240","L1.024_left.png","558_559","L1.024_right.png","yoon_simpimp_2015",558,559,"orange","apple","eng",NA,1644,15,1
"241","L1.043_left.png","574_575","L1.043_right.png","yoon_simpimp_2015",574,575,"apple-orange","apple","eng",NA,1645,15,0
"242","L2.012_left.png","580_581","L2.012_right.png","yoon_simpimp_2015",580,581,"orange","apple","eng",NA,1646,15,1
"243","L1.017_left.png","552_553","L1.017_right.png","yoon_simpimp_2015",552,553,"dog-cat","cat","eng",NA,1647,15,0
"244","foot.png","689_697","apple.png","kartushina_2019",689,697,"apple","foot","nor","Hvor er eple?",1805,20,1
"245","hair.png","688_696","banana.png","kartushina_2019",688,696,"banana","hair","nor","Ser du banan?",1809,20,1
"246","cookie.png","687_695","belly.png","kartushina_2019",695,687,"belly","cookie","nor","Kan du finne mage?",1813,20,1
"247","jacket.png","693_701","book.png","kartushina_2019",693,701,"book","jacket","nor","Se på bok.",1815,20,1
"248","leg.png","690_698","bread.png","kartushina_2019",690,698,"bread","leg","nor","Se på brød.",1819,20,1
"249","couch.png","694_702","car.png","kartushina_2019",694,702,"car","couch","nor","Ser du bil?",1821,20,1
"250","keys.png","692_700","cat.png","kartushina_2019",692,700,"cat","keys","nor","Hvor er katt?",1825,20,1
"251","glasses.png","691_699","dog.png","kartushina_2019",691,699,"dog","glasses","nor","Kan du finne hund?",1835,20,1
"252","door1.png","753_765","cookie1.png","potter_remix",753,765,"stimuli/visual/images/cookie1.png","stimuli/visual/images/door1.png","eng","Do you like the cookie",1933,24,1
"253","foot1.png","754_763","kitty1.png","potter_remix",754,763,"stimuli/visual/images/kitty1.png","stimuli/visual/images/foot1.png","eng","Do you like the kitty",1934,24,1
"254","milk1.png","755_762","mouth1.png","potter_remix",755,762,"stimuli/visual/images/mouth1.png","stimuli/visual/images/milk1.png","multiple","I want the boca",1935,24,0
"255","doggy1.png","756_766","balloon1.png","potter_remix",756,766,"stimuli/visual/images/balloon1.png","stimuli/visual/images/doggy1.png","multiple","Do you like the globo",1936,24,0
"256","mouth1.png","757_767","milk1.png","potter_remix",757,767,"stimuli/visual/images/milk1.png","stimuli/visual/images/mouth1.png","eng","I want the milk",1937,24,1
"257","cookie1.png","758_761","door1.png","potter_remix",758,761,"stimuli/visual/images/door1.png","stimuli/visual/images/cookie1.png","multiple","Do you like the puerta",1938,24,0
"258","kitty1.png","759_768","foot1.png","potter_remix",759,768,"stimuli/visual/images/foot1.png","stimuli/visual/images/kitty1.png","multiple","Do you like the pie",1939,24,0
"259","balloon1.png","760_764","doggy1.png","potter_remix",760,764,"stimuli/visual/images/doggy1.png","stimuli/visual/images/balloon1.png","eng","I want the dog",1940,24,1
"260","afghanhound_600x600.jpg","775_776","kingfisher_600x600.jpg","weaver_zettersten_2024",776,775,"king fisher","afghan hound","eng","Do you see the bird",1997,25,1
"261","germanshepherd_600x600.jpg","770_771","cardinal_600x600.jpg","weaver_zettersten_2024",771,770,"cardinal","german shepherd","eng","Do you see the bird",1998,25,1
"262","beagle_600x600.jpg","787_788","sparrow_600x600.jpg","weaver_zettersten_2024",788,787,"sparrow","beagle","eng","Do you see the bird",1999,25,1
"263","afghanhound_600x600.jpg","775_789","cornishrex_600x600.jpg","weaver_zettersten_2024",789,775,"Cornish rex","afghan hound","eng","Do you see the cat",2003,25,1
"264","germanshepherd_600x600.jpg","769_770","arabianmau_600x600.jpg","weaver_zettersten_2024",769,770,"mau","german shepherd","eng","Do you see the cat",2004,25,1
"265","robin_600x600.jpg","781_782","tabby_600x600.jpg","weaver_zettersten_2024",782,781,"american shorthair","robin","eng","Do you see the cat",2005,25,1
"266","heron_600x600.jpg","790_791","bassethound_600x600.jpg","weaver_zettersten_2024",791,790,"basset hound","heron","eng","Do you see the dog",2009,25,1
"267","kookaburra_600x600.jpg","779_780","betafish_600x600.jpg","weaver_zettersten_2024",779,780,"beta  fish","kookaburra","eng","Do you see the fish",2015,25,1
"268","beagle_600x600.jpg","784_787","bass_600x600.jpg","weaver_zettersten_2024",784,787,"bass","beagle","eng","Do you see the fish",2016,25,1
"269","robin_600x600.jpg","781_785","bluegill_600x600.jpg","weaver_zettersten_2024",785,781,"bluegill","robin","eng","Do you see the fish",2017,25,1
"270","cornishrex_600x600.jpg","789_790","heron_600x600.jpg","weaver_zettersten_2024",790,789,"heron","Cornish rex","eng","Find the bird",2022,25,1
"271","sheepdog_600x600.jpg","777_778","sphynx_600x600.jpg","weaver_zettersten_2024",778,777,"sphynx","sheepdog","eng","Find the cat",2027,25,1
"272","sturgeon_600x600.jpg","778_792","sphynx_600x600.jpg","weaver_zettersten_2024",778,792,"sphynx","sturgeon","eng","Find the cat",2028,25,1
"273","bass_600x600.jpg","783_784","chartreux_600x600.jpg","weaver_zettersten_2024",783,784,"chartreux","bass","eng","Find the cat",2029,25,1
"274","betafish_600x600.jpg","777_779","sheepdog_600x600.jpg","weaver_zettersten_2024",777,779,"sheepdog","beta  fish","eng","Find the dog",2034,25,1
"275","oriental_600x600.jpg","773_774","lionfish_600x600.jpg","weaver_zettersten_2024",773,774,"lion fish","oriental","eng","Find the fish",2039,25,1
"276","kingfisher_600x600.jpg","773_776","lionfish_600x600.jpg","weaver_zettersten_2024",773,776,"lion fish","king fisher","eng","Find the fish",2040,25,1
"277","tabby_600x600.jpg","772_782","clownfish_600x600.jpg","weaver_zettersten_2024",772,782,"clownfish","american shorthair","eng","Find the fish",2041,25,1
"278","oriental_600x600.jpg","774_780","kookaburra_600x600.jpg","weaver_zettersten_2024",780,774,"kookaburra","oriental","eng","Look at the bird",2045,25,1
"279","arabianmau_600x600.jpg","769_788","sparrow_600x600.jpg","weaver_zettersten_2024",788,769,"sparrow","mau","eng","Look at the bird",2048,25,1
"280","sturgeon_600x600.jpg","791_792","bassethound_600x600.jpg","weaver_zettersten_2024",791,792,"basset hound","sturgeon","eng","Look at the dog",2058,25,1
"281","bluegill_600x600.jpg","785_786","goldenretriever_600x600.jpg","weaver_zettersten_2024",786,785,"golden retriever","bluegill","eng","Look at the dog",2059,25,1
"282","clownfish_600x600.jpg","771_772","cardinal_600x600.jpg","weaver_zettersten_2024",771,772,"cardinal","clownfish","eng","Where's the bird",2070,25,1
"283","goldenretriever_600x600.jpg","783_786","chartreux_600x600.jpg","weaver_zettersten_2024",783,786,"chartreux","golden retriever","eng","Where's the cat",2076,25,1
"284","froggy_L.png","863_870","cow_L.png","kremin_2021",863,870,"cow","froggy","multiple","Look! Can you find la jolie cow?",2292,28,0
"285","dog_L.png","864_869","bunny_L.png","kremin_2021",869,864,"bunny","dog","multiple","Look! Can you find le bon bunny?",2296,28,0
"286","fish_L.png","865_867","duck_L.png","kremin_2021",867,865,"duck","fish","multiple","Look! Can you find le bon duck?",2297,28,0
"287","sheep_L.png","866_868","monkey_L.png","kremin_2021",868,866,"monkey","sheep","multiple","Look! Can you find le petit monkey?",2304,28,0
"288","cow_L.png","862_863","froggy_L.png","kremin_2021",862,863,"froggy","cow","fre","Regarde ! Peux-tu trouver la jolie grenouille ?",2388,28,0
"289","cow_L.png","861_862","froggy_L.png","kremin_2021",862,861,"froggy","cow","fre","Regarde ! Peux-tu trouver la jolie grenouille ?",2389,28,0
"290","fish_L.png","855_856","duck_L.png","kremin_2021",856,855,"duck","fish","fre","Regarde ! Peux-tu trouver le bon canard ?",2392,28,0
"291","fish_L.png","856_865","duck_L.png","kremin_2021",856,865,"duck","fish","fre","Regarde ! Peux-tu trouver le bon canard ?",2393,28,0
"292","bunny_L.png","859_860","dog_L.png","kremin_2021",859,860,"dog","bunny","fre","Regarde ! Peux-tu trouver le gentil chien ?",2396,28,0
"293","dog_L.png","860_864","bunny_L.png","kremin_2021",860,864,"bunny","dog","fre","Regarde ! Peux-tu trouver le gentil lapin ?",2398,28,0
"294","monkey_L.png","857_858","sheep_L.png","kremin_2021",857,858,"sheep","monkey","fre","Regarde ! Peux-tu trouver le petit mouton ?",2400,28,0
"295","sheep_L.png","858_866","monkey_L.png","kremin_2021",858,866,"monkey","sheep","fre","Regarde ! Peux-tu trouver le petit singe ?",2402,28,0
"296","canine_stimuli/images/cow.jpg","887_901","canine_stimuli/images/baby.jpg","potter_canine",887,901,"baby","cow","eng","Where is the baby? Check that out!",2420,29,1
"297","canine_stimuli/images/shoe.jpg","888_900","canine_stimuli/images/milk.jpg","potter_canine",888,900,"milk","shoe","eng","Can you find the drink? Wow, cool!",2421,29,1
"298","canine_stimuli/images/bird.jpg","889_895","canine_stimuli/images/dog.jpg","potter_canine",889,895,"dog","bird","eng","Look at the dog. Do you see it?",2422,29,1
"299","canine_stimuli/images/ball.jpg","890_897","canine_stimuli/images/cookie.jpg","potter_canine",890,897,"cookie","ball","eng","Do you like the food? Wow, cool!",2423,29,1
"300","canine_stimuli/images/dog.jpg","891_898","canine_stimuli/images/bird.jpg","potter_canine",891,898,"bird","dog","eng","Look at the chicken. Check that out!",2424,29,1
"301","canine_stimuli/images/milk.jpg","892_894","canine_stimuli/images/shoe.jpg","potter_canine",892,894,"shoe","milk","eng","Can you find the shoe? Do you see it?",2425,29,1
"302","canine_stimuli/images/baby.jpg","893_899","canine_stimuli/images/cow.jpg","potter_canine",893,899,"cow","baby","eng","Where is the animal. Wow, cool",2426,29,1
"303","canine_stimuli/images/ball.jpg","896_902","canine_stimuli/images/cookie.jpg","potter_canine",896,902,"cookie","ball","eng","Examine the cookie! Wow, cool!",2430,29,0
"304","canine2_stimuli/images/plate.dish.jpg","903_916","canine2_stimuli/images/light.lamp.jpg","potter_canine",903,916,"light","plate","eng","Would you prefer the light? Check that out!",2452,29,0
"305","canine2_stimuli/images/sheep.lamb2.jpg","904_918","canine2_stimuli/images/chicken.rooster.jpg","potter_canine",904,918,"chicken","sheep","eng","Examine the chicken! Do you see it?",2453,29,0
"306","canine2_stimuli/images/candy.lollipop.jpg","905_911","canine2_stimuli/images/pants.jeans.jpg","potter_canine",905,911,"pants","candy","eng","Identify the jeans. Wow, cool!",2454,29,0
"307","canine2_stimuli/images/bird.goose.jpg","906_912","canine2_stimuli/images/horse.pony.jpg","potter_canine",906,912,"horse","bird","eng","Could you locate the pony? Check that out!",2455,29,0
"308","canine2_stimuli/images/pants.jeans.jpg","907_914","canine2_stimuli/images/candy.lollipop.jpg","potter_canine",907,914,"candy","pants","eng","Identify the candy. Do you see it?",2456,29,0
"309","canine2_stimuli/images/chicken.rooster.jpg","908_915","canine2_stimuli/images/sheep.lamb2.jpg","potter_canine",908,915,"sheep","chicken","eng","Examine the lamb. Check that out!",2457,29,0
"310","canine2_stimuli/images/light.lamp.jpg","909_917","canine2_stimuli/images/plate.dish.jpg","potter_canine",909,917,"plate","light","eng","Would you prefer the dish? Wow, cool!",2458,29,0
"311","canine2_stimuli/images/horse.pony.jpg","910_913","canine2_stimuli/images/bird.goose.jpg","potter_canine",910,913,"bird","horse","eng","Could you locate the bird? Check that out!",2459,29,0
"312","doggie1_18_left.jpg","969_989","baby1_18_left.jpg","fernald_marchman_2012",969,989,"baby","doggy","eng","Where's the baby? Can you see it?",2648,32,1
"313","doggie2_18_left.jpg","970_990","baby2_18_left.jpg","fernald_marchman_2012",970,990,"baby","doggy","eng","Where's the baby? Can you see it?",2650,32,1
"314","doggie3_18_left.jpg","971_991","baby3_18_left.jpg","fernald_marchman_2012",971,991,"baby","doggy","eng","Where's the baby? Can you see it?",2651,32,1
"315","doggie4_18_left.jpg","972_992","baby4_18_left.jpg","fernald_marchman_2012",972,992,"baby","doggy","eng","Where's the baby? Can you see it?",2653,32,1
"316","shoe1_18_left.jpg","973_997","ball1_18_left.jpg","fernald_marchman_2012",973,997,"ball","shoe","eng","Look at the ball. Do you like it?",2654,32,1
"317","shoe2_18_left.jpg","974_998","ball2_18_left.jpg","fernald_marchman_2012",974,998,"ball","shoe","eng","Look at the ball. Do you like it?",2656,32,1
"318","shoe3_18_left.jpg","975_999","ball3_18_left.jpg","fernald_marchman_2012",975,999,"ball","shoe","eng","Look at the ball. Do you like it?",2657,32,1
"319","shoe4_18_left.jpg","976_1000","ball4_18_left.jpg","fernald_marchman_2012",976,1000,"ball","shoe","eng","Look at the ball. Do you like it?",2659,32,1
"320","kitty1_18_left.jpg","977_993","birdy1_18_left.jpg","fernald_marchman_2012",977,993,"birdy","kitty","eng","Where's the birdie? Can you find it?",2660,32,1
"321","kitty2_18_left.jpg","978_994","birdy2_18_left.jpg","fernald_marchman_2012",978,994,"birdy","kitty","eng","Where's the birdie? Can you find it?",2662,32,1
"322","kitty3_18_left.jpg","979_995","birdy3_18_left.jpg","fernald_marchman_2012",979,995,"birdy","kitty","eng","Where's the birdie? Can you find it?",2663,32,1
"323","kitty4_18_left.jpg","980_996","birdy4_18_left.jpg","fernald_marchman_2012",980,996,"birdy","kitty","eng","Where's the birdie? Can you find it?",2665,32,1
"324","car2_18_left.jpg","981_986","book2_18_left.jpg","fernald_marchman_2012",981,986,"book","car","eng","Where's the book? Can you see it?",2666,32,1
"325","car1_18_left.jpg","982_985","book1_18_left.jpg","fernald_marchman_2012",982,985,"book","car","eng","Where's the book? Can you see it?",2667,32,1
"326","car3_18_left.jpg","983_987","book3_18_left.jpg","fernald_marchman_2012",983,987,"book","car","eng","Where's the book? Can you see it?",2669,32,1
"327","car4_18_left.jpg","984_988","book4_18_left.jpg","fernald_marchman_2012",984,988,"book","car","eng","Where's the book? Can you see it?",2671,32,1
"328","baby1_24_left.jpg","1001_1012","doggie1_24_left.jpg","fernald_marchman_2012",1001,1012,"doggy","baby","eng","Where's the doggy? Can you see it?",2696,32,1
"329","car2_24_left.jpg","1002_1017","juice1_24_left.jpg","fernald_marchman_2012",1002,1017,"juice","car","eng","Show me the juice. Do you like it?",2697,32,1
"330","kitty1_24_left.jpg","1003_1007","birdy1_24_left.jpg","fernald_marchman_2012",1003,1007,"birdy","kitty","eng","Where's  the birdie? Can you find it?",2698,32,1
"331","shoeblue_30_left.jpg","1004_1010","ballred_30_left.jpg","fernald_marchman_2012",1004,1010,"ball","shoe","eng","Which is the red ball?  Check that out!",2699,32,0
"332","doggie2_24_left.jpg","1005_1009","baby2_24_left.jpg","fernald_marchman_2012",1005,1009,"baby","doggy","eng","Where's the baby? Can you see it?",2700,32,1
"333","book1_24_left.jpg","1006_1063","cookie3_24_left.jpg","fernald_marchman_2012",1006,1063,"cookie","book","eng","Give me the cookie. Do you like it?",2701,32,1
"334","juice2_24_left.jpg","1008_1011","car1_24_left.jpg","fernald_marchman_2012",1008,1011,"car","juice","eng","Look at the car.  Check that out!",2703,32,1
"335","baby1_24_left.jpg","1009_1012","doggie2_24_left.jpg","fernald_marchman_2012",1009,1012,"doggy","baby","eng","That's a doggie on the deebo.",2704,32,1
"336","kitty2_24_left.jpg","1003_1014","birdy1_24_left.jpg","fernald_marchman_2012",1003,1014,"birdy","kitty","eng","That's a birdy over there.",2706,32,1
"337","car3_24_left.jpg","1011_1064","juice2_24_left.jpg","fernald_marchman_2012",1011,1064,"juice","car","eng","Drink the juice. Do you like it?",2707,32,0
"338","shoered_30_left.jpg","1013_1016","ballblue_30_left.jpg","fernald_marchman_2012",1013,1016,"ball","shoe","eng","Which is the blue ball?  Do you like it?",2711,32,0
"339","birdy2_24_left.jpg","1014_1019","kitty2_24_left.jpg","fernald_marchman_2012",1014,1019,"kitty","birdy","eng","Where's the kitty? Can you find it?",2712,32,1
"340","doggie1_24_left.jpg","1001_1005","baby2_24_left.jpg","fernald_marchman_2012",1005,1001,"baby","doggy","eng","There's a baby on the deebo.",2713,32,1
"341","cookie2_24_left.jpg","1015_1018","book2_24_left.jpg","fernald_marchman_2012",1015,1018,"book","cookie","eng","Read the book. Check that out!",2714,32,0
"342","juice3_24_left.jpg","1017_1065","car2_24_left.jpg","fernald_marchman_2012",1017,1065,"car","juice","eng","Drive the car. Check that out!",2716,32,0
"343","cookie1_24_left.jpg","1020_1066","book3_24_left.jpg","fernald_marchman_2012",1020,1066,"book","cookie","eng","Read the book.  Check that out!",2724,32,0
"344","baby3_24_left.jpg","1021_1023","doggie3_24_left.jpg","fernald_marchman_2012",1021,1023,"doggy","baby","eng","Where's the doggy?  Can you see it?",2730,32,1
"345","kitty1_24_left.jpg","1007_1019","birdy2_24_left.jpg","fernald_marchman_2012",1019,1007,"birdy","kitty","eng","That's a birdie on the deebo.",2733,32,1
"346","NovelA-moon_24_left.jpg","1022_1067","NovelB-moon_24_left.jpg","fernald_marchman_2012",1022,1067,"novel","novel","eng","Where's the deebo? Can you see the deebo?",2740,32,0
"347","kitty3_24_left.jpg","1024_1068","birdy3_24_left.jpg","fernald_marchman_2012",1024,1068,"birdy","kitty","eng","Where's  the birdie? Can you find it?",2751,32,1
"348","massorgy_30_left.jpg","1025_1069","teylgy_30_left.jpg","fernald_marchman_2012",1025,1069,"tempo","massager","eng","You can drive the tempo. Drive the tempo.",2756,32,0
"349","massylgy_30_left.jpg","1026_1070","tegrgy_30_left.jpg","fernald_marchman_2012",1026,1070,"tempo","massager","eng","You can drive the tempo. Drive the tempo.",2758,32,0
"350","fanblgy_30_left.jpg","1027_1071","manjugrgy_30_left.jpg","fernald_marchman_2012",1027,1071,"manju","fan","eng","You can eat the manju. Eat the manju.",2760,32,0
"351","fanprgy_30_left.jpg","1028_1072","manjuwhgy_30_left.jpg","fernald_marchman_2012",1028,1072,"manju","fan","eng","You can eat the manju. Eat the manju.",2762,32,0
"352","manjugrgy_30_left.jpg","1025_1027","teylgy_30_left.jpg","fernald_marchman_2012",1025,1027,"tempo","manju","eng","Where's the tempo? Can you find it?",2765,32,0
"353","manjuwhgy_30_left.jpg","1026_1028","tegrgy_30_left.jpg","fernald_marchman_2012",1026,1028,"tempo","manju","eng","Where's the tempo?  Can you see it?",2766,32,0
"354","baby1_30_left.jpg","1029_1036","doggie1_30_left.jpg","fernald_marchman_2012",1029,1036,"doggy","baby","eng","Where's the doggie?  Can you find it?",2779,32,1
"355","baby2_30_left.jpg","1030_1035","doggie2_30_left.jpg","fernald_marchman_2012",1030,1035,"doggy","baby","eng","Where's the doggie?  Can you find it?",2780,32,1
"356","baby3_30_left.jpg","1031_1039","doggie3_30_left.jpg","fernald_marchman_2012",1031,1039,"doggy","baby","eng","Where's the doggie?  Can you find it?",2781,32,1
"357","baby5_30_left.jpg","1032_1040","doggie5_30_left.jpg","fernald_marchman_2012",1032,1040,"doggy","baby","eng","Where's the doggie?  Can you find it?",2782,32,1
"358","baby4_30_left.jpg","1033_1038","doggie4_30_left.jpg","fernald_marchman_2012",1033,1038,"doggy","baby","eng","Where's the doggie?  Can you find it?",2783,32,1
"359","baby6_30_left.jpg","1034_1037","doggie6_30_left.jpg","fernald_marchman_2012",1034,1037,"doggy","baby","eng","Where's the doggie?  Can you find it?",2784,32,1
"360","book2_30_left.jpg","1041_1046","juice2_30_left.jpg","fernald_marchman_2012",1041,1046,"juice","book","eng","Give me the juice.  Can you see it?",2791,32,1
"361","book1_30_left.jpg","1042_1047","juice1_30_left.jpg","fernald_marchman_2012",1042,1047,"juice","book","eng","Drink the juice.  Can you find it?",2792,32,0
"362","book3_30_left.jpg","1043_1048","juice3_30_left.jpg","fernald_marchman_2012",1043,1048,"juice","book","eng","Give me the juice.  Can you see it?",2794,32,1
"363","book4_30_left.jpg","1044_1050","juice4_30_left.jpg","fernald_marchman_2012",1044,1050,"juice","book","eng","Give me the juice.  Can you see it?",2796,32,1
"364","book5_30_left.jpg","1045_1049","juice5_30_left.jpg","fernald_marchman_2012",1045,1049,"juice","book","eng","Give me the juice.  Can you see it?",2798,32,1
"365","carred_30_left.jpg","1051_1056","carblue_30_left.jpg","fernald_marchman_2012",1051,1056,"car","car","eng","Which one's the blue car?  Do you see it?",2811,32,0
"366","sockbig_30_left.jpg","1052_1062","socklittle_30_left.jpg","fernald_marchman_2012",1052,1062,"sock","sock","eng","Can you find the little sock?  Do you like it?",2812,32,0
"367","spoonbig_30_left.jpg","1053_1060","spoonlittle_30_left.jpg","fernald_marchman_2012",1053,1060,"spoon","spoon","eng","Do you see the little spoon?  Can you see it?",2813,32,0
"368","ballblue_30_left.jpg","1004_1013","ballred_30_left.jpg","fernald_marchman_2012",1004,1013,"ball","ball","eng","Which one's the red ball?  Check that out!",2814,32,0
"369","flowerbig_30_left.jpg","1054_1061","flowerlittle_30_left.jpg","fernald_marchman_2012",1054,1061,"flower","flower","eng","Can you find the little flower?  Check that out!",2815,32,0
"370","houseblue_30_left.jpg","1055_1058","housered_30_left.jpg","fernald_marchman_2012",1055,1058,"house","house","eng","Which one's the red house?  Check that out!",2817,32,0
"371","cookiebig_30_left.jpg","1057_1059","cookielittle_30_left.jpg","fernald_marchman_2012",1057,1059,"cookie","cookie","eng","Do you see the little cookie?  Can you find it?",2819,32,0
"372","shoeblue_30_left.jpg","1010_1016","shoered_30_left.jpg","fernald_marchman_2012",1016,1010,"shoe","shoe","eng","Which one's the red shoe?  Do you see it?",2822,32,0
"373","baby1_30_left.jpg","1030_1036","doggie2_30_left.jpg","fernald_marchman_2012",1030,1036,"doggy","baby","eng","Where's the manju.  Do you see it?",2830,32,0
"374","doggie1_30_left.jpg","1029_1035","baby2_30_left.jpg","fernald_marchman_2012",1035,1029,"baby","doggy","eng","You can eat the manju. Eat the manju.",2832,32,0
"375","pig.jpg","1100_1105","mouse.jpg","moore_bergelson_2022_verb",1105,1100,"mouse","pig","eng","Can you see the mouse",2884,33,1
"376","pig.jpg","1099_1100","mouse.jpg","moore_bergelson_2022_verb",1099,1100,"mouse","pig","eng","Can you see the mouse",2885,33,0
"377","mouse.jpg","1105_1110","pig.jpg","moore_bergelson_2022_verb",1110,1105,"pig","mouse","eng","Can you see the pig",2889,33,0
"378","foot.jpg","1109_1111","dog.jpg","moore_bergelson_2022_verb",1111,1109,"dog","foot","eng","Find the dog",2892,33,1
"379","foot.jpg","1108_1109","dog.jpg","moore_bergelson_2022_verb",1108,1109,"dog","foot","eng","Find the dog",2893,33,0
"380","dog.jpg","1111_1112","foot.jpg","moore_bergelson_2022_verb",1112,1111,"foot","dog","eng","Find the foot",2897,33,0
"381","tooth.jpg","1101_1102","kitty.jpg","moore_bergelson_2022_verb",1102,1101,"kitty","tooth","eng","Look at the kitty",2900,33,1
"382","tooth.jpg","1101_1104","kitty.jpg","moore_bergelson_2022_verb",1104,1101,"kitty","tooth","eng","Look at the kitty",2901,33,0
"383","kitty.jpg","1102_1107","tooth.jpg","moore_bergelson_2022_verb",1107,1102,"tooth","kitty","eng","Look at the tooth",2905,33,0
"384","whale.jpg","1097_1098","goose.jpg","moore_bergelson_2022_verb",1097,1098,"goose","whale","eng","Where's the goose",4122,33,1
"385","whale.jpg","1098_1106","goose.jpg","moore_bergelson_2022_verb",1106,1098,"goose","whale","eng","Where's the goose",4123,33,0
"386","goose.jpg","1097_1103","whale.jpg","moore_bergelson_2022_verb",1103,1097,"whale","goose","eng","Where's the whale",4127,33,0
"387","shoe.jpg","1119_1120","baba2.jpg","garrison_bergelson_2020",1119,1120,"bottle","shoes","eng","Where is the",4130,34,1
"388","shoe8.jpg","1125_1126","baba7.jpg","garrison_bergelson_2020",1126,1125,"bottle","shoes","eng","Where is the",4131,34,1
"389","doggy.jpg","1154_1212","baby.jpg","garrison_bergelson_2020",1212,1154,"baby","dog","eng","Can you find the",4134,34,1
"390","doggy21.jpg","1204_1205","baby21.jpg","garrison_bergelson_2020",1204,1205,"baby","dog","eng","Do you see the",4135,34,1
"391","doggy23.jpg","1278_1279","baby22.jpg","garrison_bergelson_2020",1278,1279,"baby","dog","eng","Where is the",4136,34,1
"392","doggy24.jpg","1313_1314","baby23.jpg","garrison_bergelson_2020",1313,1314,"baby","dog","eng","Can you find the",4139,34,1
"393","block9.jpg","1489_1490","ball69.jpg","garrison_bergelson_2020",1489,1490,"ball","blocks","eng","Look at the",4146,34,1
"394","car.jpg","1117_1256","ball.jpg","garrison_bergelson_2020",1117,1256,"ball","car","eng","Can you find the",4148,34,1
"395","car23.jpg","1362_1363","ball67.jpg","garrison_bergelson_2020",1362,1363,"ball","car","eng","Can you find the",4149,34,1
"396","cup.jpg","1117_1149","ball.jpg","garrison_bergelson_2020",1117,1149,"ball","cup","eng","Where is the",4150,34,1
"397","cup20.jpg","1452_1453","ball62.jpg","garrison_bergelson_2020",1452,1453,"ball","cup","eng","Do you see the",4151,34,1
"398","cup17.jpg","1250_1251","ball55.jpg","garrison_bergelson_2020",1250,1251,"ball","cup","eng","Where is the",4153,34,1
"399","diaper.jpg","1117_1150","ball.jpg","garrison_bergelson_2020",1117,1150,"ball","diaper","eng","Can you find the",4154,34,1
"400","diaper6.jpg","1259_1260","ball54.jpg","garrison_bergelson_2020",1259,1260,"ball","diaper","eng","Can you find the",4155,34,1
"401","flower8.jpg","1467_1468","ball64.jpg","garrison_bergelson_2020",1468,1467,"ball","flower","eng","Look at the",4156,34,1
"402","hat.jpg","1117_1162","ball.jpg","garrison_bergelson_2020",1117,1162,"ball","hat","eng","Can you find the",4158,34,1
"403","hat5.jpg","1167_1168","ball51.jpg","garrison_bergelson_2020",1168,1167,"ball","hat","eng","Can you find the",4159,34,1
"404","highchair.jpg","1117_1118","ball.jpg","garrison_bergelson_2020",1117,1118,"ball","highchair","eng","Can you find the",4160,34,1
"405","highchair3.jpg","1173_1174","ball52.jpg","garrison_bergelson_2020",1173,1174,"ball","highchair","eng","Can you find the",4161,34,1
"406","highchair2.jpg","1121_1122","ball50.jpg","garrison_bergelson_2020",1122,1121,"ball","highchair","eng","Look at the",4162,34,1
"407","phone8.jpg","1321_1346","ball2.jpg","garrison_bergelson_2020",1321,1346,"ball","phone","eng","Can you find the",4164,34,1
"408","phone17.jpg","1421_1422","ball63.jpg","garrison_bergelson_2020",1421,1422,"ball","phone","eng","Can you find the",4165,34,1
"409","phone14.jpg","1271_1272","ball58.jpg","garrison_bergelson_2020",1272,1271,"ball","phone","eng","Can you find the",4166,34,1
"410","remote.jpg","1117_1234","ball.jpg","garrison_bergelson_2020",1117,1234,"ball","remote","eng","Can you find the",4168,34,1
"411","remote2.jpg","1375_1376","ball60.jpg","garrison_bergelson_2020",1376,1375,"ball","remote","eng","Can you find the",4169,34,1
"412","shoe.jpg","1117_1120","ball.jpg","garrison_bergelson_2020",1117,1120,"ball","shoes","eng","Can you find the",4170,34,1
"413","shoe20.jpg","1491_1492","ball70.jpg","garrison_bergelson_2020",1491,1492,"ball","shoes","eng","Can you find the",4171,34,1
"414","shoes2.jpg","1117_1306","ball.jpg","garrison_bergelson_2020",1117,1306,"ball","shoes","eng","Can you find the",4172,34,1
"415","shoes6.jpg","1401_1402","ball61.jpg","garrison_bergelson_2020",1401,1402,"ball","shoes","eng","Can you find the",4173,34,1
"416","sippycup.jpg","1117_1142","ball.jpg","garrison_bergelson_2020",1117,1142,"ball","sippycup","eng","Can you find the",4174,34,1
"417","sippycup2.jpg","1129_1130","ball56.jpg","garrison_bergelson_2020",1129,1130,"ball","sippycup","eng","Can you find the",4175,34,1
"418","socks.jpg","1321_1322","ball2.jpg","garrison_bergelson_2020",1321,1322,"ball","socks","eng","Do you see the",4176,34,1
"419","spoon.jpg","1117_1184","ball.jpg","garrison_bergelson_2020",1117,1184,"ball","spoon","eng","Do you see the",4178,34,1
"420","spoon20.jpg","1475_1476","ball68.jpg","garrison_bergelson_2020",1475,1476,"ball","spoon","eng","Do you see the",4179,34,1
"421","vacuum.jpg","1117_1147","ball.jpg","garrison_bergelson_2020",1117,1147,"ball","vacuum","eng","Can you find the",4180,34,1
"422","vacuum7.jpg","1152_1153","ball57.jpg","garrison_bergelson_2020",1153,1152,"ball","vacuum","eng","Can you find the",4181,34,1
"423","block.jpg","1117_1139","ball.jpg","garrison_bergelson_2020",1117,1139,"ball","blocks","eng","Look at the",4182,34,1
"424","flower.jpg","1117_1465","ball.jpg","garrison_bergelson_2020",1117,1465,"ball","flower","eng","Look at the",4192,34,1
"425","phone.jpg","1117_1216","ball.jpg","garrison_bergelson_2020",1117,1216,"ball","phone","eng","Can you find the",4201,34,1
"426","socks2.jpg","1315_1316","ball59.jpg","garrison_bergelson_2020",1316,1315,"ball","socks","eng","Do you see the",4211,34,1
"427","guitar2.jpg","1358_1359","balloon2.jpg","garrison_bergelson_2020",1359,1358,"balloon","guitar","eng","Do you see the",4217,34,1
"428","guitar8.jpg","1350_1351","balloon6.jpg","garrison_bergelson_2020",1351,1350,"balloon","guitar","eng","Do you see the",4218,34,1
"429","glasses2.jpg","1225_1226","bath.jpg","garrison_bergelson_2020",1226,1225,"bathtub","glasses","eng","Can you find the",4221,34,1
"430","glasses100.jpg","1232_1233","bath100.jpg","garrison_bergelson_2020",1233,1232,"bathtub","glasses","eng","Can you find the",4222,34,1
"431","diaper.jpg","1150_1151","bathtub.jpg","garrison_bergelson_2020",1151,1150,"bathtub","diaper","eng","Where is the",4224,34,1
"432","diaper9.jpg","1145_1146","bathtub3.jpg","garrison_bergelson_2020",1146,1145,"bathtub","diaper","eng","Where is the",4226,34,1
"433","doggy.jpg","1154_1155","bear.jpg","garrison_bergelson_2020",1155,1154,"bear","dog","eng","Do you see the",4228,34,1
"434","doggy22.jpg","1143_1144","bear13.jpg","garrison_bergelson_2020",1144,1143,"bear","dog","eng","Do you see the",4229,34,1
"435","owl.jpg","1155_1198","bear.jpg","garrison_bergelson_2020",1155,1198,"bear","owl","eng","Can you find the",4230,34,1
"436","owl9.jpg","1435_1436","bear14.jpg","garrison_bergelson_2020",1436,1435,"bear","owl","eng","Can you find the",4231,34,1
"437","table.jpg","1268_1269","bed.jpg","garrison_bergelson_2020",1269,1268,"crib","table","eng","Do you see the",4236,34,1
"438","table5.jpg","1261_1262","bed2.jpg","garrison_bergelson_2020",1261,1262,"crib","table","eng","Do you see the",4237,34,1
"439","sandbox.jpg","1448_1449","bike.jpg","garrison_bergelson_2020",1448,1449,"bike","sandbox","eng","Do you see the",4240,34,1
"440","sandbox2.jpg","1443_1444","bike4.jpg","garrison_bergelson_2020",1444,1443,"bike","sandbox","eng","Do you see the",4242,34,1
"441","kitty15.jpg","1407_1408","bird4.jpg","garrison_bergelson_2020",1408,1407,"bird","cat","eng","Look at the",4244,34,1
"442","kitty.jpg","1127_1405","bird.jpg","garrison_bergelson_2020",1405,1127,"bird","cat","eng","Look at the",4246,34,1
"443","bottle.jpg","1201_1343","blanket.jpg","garrison_bergelson_2020",1343,1201,"blanket","bottle","eng","Look at the",4248,34,1
"444","piano.jpg","1148_1343","blanket.jpg","garrison_bergelson_2020",1343,1148,"blanket","piano","eng","Do you see the",4249,34,1
"445","piano8.jpg","1423_1424","blanket3.jpg","garrison_bergelson_2020",1423,1424,"blanket","piano","eng","Do you see the",4250,34,1
"446","bottle23.jpg","1344_1345","blanket2.jpg","garrison_bergelson_2020",1344,1345,"blanket","bottle","eng","Look at the",4251,34,1
"447","headphones.jpg","1138_1139","block.jpg","garrison_bergelson_2020",1139,1138,"blocks","headphones","eng","Do you see the",4257,34,1
"448","headphones2.jpg","1131_1132","block7.jpg","garrison_bergelson_2020",1131,1132,"blocks","headphones","eng","Do you see the",4258,34,1
"449","highchair.jpg","1118_1139","block.jpg","garrison_bergelson_2020",1139,1118,"blocks","highchair","eng","Do you see the",4259,34,1
"450","highchair6.jpg","1292_1293","block8.jpg","garrison_bergelson_2020",1293,1292,"blocks","highchair","eng","Do you see the",4265,34,1
"451","chair.jpg","1247_1305","blocks.jpg","garrison_bergelson_2020",1247,1305,"blocks","chair","eng","Can you find the",4267,34,1
"452","chair15.jpg","1397_1398","blocks20.jpg","garrison_bergelson_2020",1398,1397,"blocks","chair","eng","Can you find the",4268,34,1
"453","diapey2.jpg","1319_1320","blocks19.jpg","garrison_bergelson_2020",1320,1319,"blocks","diaper","eng","Look at the",4269,34,1
"454","shoe13.jpg","1240_1241","blocks17.jpg","garrison_bergelson_2020",1240,1241,"blocks","shoes","eng","Can you find the",4272,34,1
"455","shoe9.jpg","1158_1159","blocks15.jpg","garrison_bergelson_2020",1159,1158,"blocks","shoes","eng","Do you see the",4273,34,1
"456","spoon.jpg","1170_1184","blocks2.jpg","garrison_bergelson_2020",1170,1184,"blocks","spoon","eng","Do you see the",4275,34,1
"457","stroller.jpg","1170_1183","blocks2.jpg","garrison_bergelson_2020",1170,1183,"blocks","stroller","eng","Can you find the",4277,34,1
"458","stroller4.jpg","1185_1186","blocks16.jpg","garrison_bergelson_2020",1186,1185,"blocks","stroller","eng","Can you find the",4278,34,1
"459","diapey.jpg","1317_1318","blocks1.jpg","garrison_bergelson_2020",1317,1318,"blocks","diaper","eng","Look at the",4281,34,1
"460","shoe.jpg","1120_1247","blocks.jpg","garrison_bergelson_2020",1247,1120,"blocks","shoes","eng","Can you find the",4284,34,1
"461","spoon21.jpg","1493_1494","blocks21.jpg","garrison_bergelson_2020",1494,1493,"blocks","spoon","eng","Do you see the",4287,34,1
"462","milk.jpg","1235_1368","blueberries5.jpg","garrison_bergelson_2020",1368,1235,"blueberries","milk","eng","Do you see the",4291,34,1
"463","milk16.jpg","1364_1365","blueberries6.jpg","garrison_bergelson_2020",1364,1365,"blueberries","milk","eng","Do you see the",4292,34,1
"464","car20.jpg","1323_1324","book72.jpg","garrison_bergelson_2020",1323,1324,"book","car","eng","Where is the",4295,34,1
"465","cat15.jpg","1140_1141","book68.jpg","garrison_bergelson_2020",1140,1141,"book","cat","eng","Where is the",4297,34,1
"466","caterpillar.jpg","1123_1284","book7.jpg","garrison_bergelson_2020",1123,1284,"book","caterpillar","eng","Can you find the",4299,34,1
"467","caterpillar4.jpg","1285_1286","book69.jpg","garrison_bergelson_2020",1286,1285,"book","caterpillar","eng","Can you find the",4300,34,1
"468","cup.jpg","1123_1149","book7.jpg","garrison_bergelson_2020",1123,1149,"book","cup","eng","Where is the",4301,34,1
"469","cup19.jpg","1390_1391","book78.jpg","garrison_bergelson_2020",1391,1390,"book","cup","eng","Do you see the",4304,34,1
"470","diaper.jpg","1123_1150","book7.jpg","garrison_bergelson_2020",1123,1150,"book","diaper","eng","Can you find the",4305,34,1
"471","diaper13.jpg","1416_1417","book79.jpg","garrison_bergelson_2020",1417,1416,"book","diaper","eng","Can you find the",4306,34,1
"472","elephant.jpg","1123_1124","book7.jpg","garrison_bergelson_2020",1123,1124,"book","elephant","eng","Do you see the",4307,34,1
"473","hat8.jpg","1477_1478","book82.jpg","garrison_bergelson_2020",1478,1477,"book","hat","eng","Look at the",4309,34,1
"474","keys.jpg","1123_1208","book7.jpg","garrison_bergelson_2020",1123,1208,"book","keys","eng","Can you find the",4311,34,1
"475","keys8.jpg","1379_1380","book77.jpg","garrison_bergelson_2020",1379,1380,"book","keys","eng","Can you find the",4312,34,1
"476","paci.jpg","1123_1329","book7.jpg","garrison_bergelson_2020",1123,1329,"book","pacifier","eng","Look at the",4313,34,1
"477","phone15.jpg","1341_1342","book75.jpg","garrison_bergelson_2020",1341,1342,"book","phone","eng","Do you see the",4315,34,1
"478","phone18.jpg","1496_1497","book84.jpg","garrison_bergelson_2020",1497,1496,"book","phone","eng","Look at the",4316,34,1
"479","puppy16.jpg","1257_1258","book67.jpg","garrison_bergelson_2020",1257,1258,"book","dog","eng","Look at the",4318,34,1
"480","puppy15.jpg","1266_1267","book65.jpg","garrison_bergelson_2020",1267,1266,"book","dog","eng","Look at the",4319,34,1
"481","shoe.jpg","1120_1123","book7.jpg","garrison_bergelson_2020",1123,1120,"book","shoes","eng","Look at the",4322,34,1
"482","shoes2.jpg","1123_1306","book7.jpg","garrison_bergelson_2020",1123,1306,"book","shoes","eng","Can you find the",4323,34,1
"483","sippy.jpg","1123_1434","book7.jpg","garrison_bergelson_2020",1123,1434,"book","sippycup","eng","Where is the",4325,34,1
"484","sippycup2.jpg","1130_1180","book61.jpg","garrison_bergelson_2020",1180,1130,"book","sippycup","eng","Where is the",4327,34,1
"485","spoon.jpg","1123_1184","book7.jpg","garrison_bergelson_2020",1123,1184,"book","spoon","eng","Do you see the",4329,34,1
"486","spoon14.jpg","1189_1190","book63.jpg","garrison_bergelson_2020",1189,1190,"book","spoon","eng","Look at the",4330,34,1
"487","spoon17.jpg","1301_1302","book71.jpg","garrison_bergelson_2020",1302,1301,"book","spoon","eng","Do you see the",4332,34,1
"488","tambourine.jpg","1123_1336","book7.jpg","garrison_bergelson_2020",1123,1336,"book","tambourine","eng","Do you see the",4333,34,1
"489","tambourine3.jpg","1325_1326","book73.jpg","garrison_bergelson_2020",1326,1325,"book","tambourine","eng","Do you see the",4334,34,1
"490","water.jpg","1123_1165","book7.jpg","garrison_bergelson_2020",1123,1165,"book","water","eng","Can you find the",4335,34,1
"491","water26.jpg","1210_1211","book64.jpg","garrison_bergelson_2020",1211,1210,"book","water","eng","Can you find the",4336,34,1
"492","whale2.jpg","1123_1196","book7.jpg","garrison_bergelson_2020",1123,1196,"book","whale","eng","Look at the",4337,34,1
"493","car.jpg","1123_1256","book7.jpg","garrison_bergelson_2020",1123,1256,"book","car","eng","Where is the",4339,34,1
"494","cat.jpg","1123_1135","book7.jpg","garrison_bergelson_2020",1123,1135,"book","cat","eng","Where is the",4341,34,1
"495","cup21.jpg","1483_1484","book83.jpg","garrison_bergelson_2020",1484,1483,"book","cup","eng","Where is the",4346,34,1
"496","elephant18.jpg","1115_1116","book60.jpg","garrison_bergelson_2020",1116,1115,"book","elephant","eng","Do you see the",4351,34,1
"497","hat.jpg","1123_1162","book7.jpg","garrison_bergelson_2020",1123,1162,"book","hat","eng","Look at the",4353,34,1
"498","paci7.jpg","1366_1367","book81.jpg","garrison_bergelson_2020",1366,1367,"book","pacifier","eng","Look at the",4357,34,1
"499","phone8.jpg","1123_1346","book7.jpg","garrison_bergelson_2020",1123,1346,"book","phone","eng","Do you see the",4359,34,1
"500","phone7.jpg","1123_1495","book7.jpg","garrison_bergelson_2020",1123,1495,"book","phone","eng","Look at the",4360,34,1
"501","puppy100.jpg","1123_1253","book7.jpg","garrison_bergelson_2020",1123,1253,"book","dog","eng","Look at the",4363,34,1
"502","puppy.jpg","1123_1263","book7.jpg","garrison_bergelson_2020",1123,1263,"book","dog","eng","Look at the",4364,34,1
"503","shoe17.jpg","1377_1378","book76.jpg","garrison_bergelson_2020",1378,1377,"book","shoes","eng","Look at the",4367,34,1
"504","shoes5.jpg","1356_1357","book74.jpg","garrison_bergelson_2020",1356,1357,"book","shoes","eng","Can you find the",4368,34,1
"505","sippy2.jpg","1432_1433","book80.jpg","garrison_bergelson_2020",1433,1432,"book","sippycup","eng","Where is the",4370,34,1
"506","sippycup.jpg","1123_1142","book7.jpg","garrison_bergelson_2020",1123,1142,"book","sippycup","eng","Where is the",4372,34,1
"507","whale3.jpg","1202_1203","book62.jpg","garrison_bergelson_2020",1203,1202,"book","whale","eng","Look at the",4382,34,1
"508","chair.jpg","1201_1305","bottle.jpg","garrison_bergelson_2020",1201,1305,"bottle","chair","eng","Can you find the",4386,34,1
"509","chair14.jpg","1309_1310","bottle22.jpg","garrison_bergelson_2020",1310,1309,"bottle","chair","eng","Can you find the",4387,34,1
"510","clock.jpg","1201_1287","bottle.jpg","garrison_bergelson_2020",1201,1287,"bottle","clock","eng","Do you see the",4388,34,1
"511","clock2.jpg","1280_1281","bottle20.jpg","garrison_bergelson_2020",1281,1280,"bottle","clock","eng","Do you see the",4389,34,1
"512","diaper15.jpg","1481_1482","bottle26.jpg","garrison_bergelson_2020",1481,1482,"bottle","diaper","eng","Do you see the",4390,34,1
"513","phone.jpg","1201_1216","bottle.jpg","garrison_bergelson_2020",1201,1216,"bottle","phone","eng","Do you see the",4392,34,1
"514","phone13.jpg","1238_1239","bottle18.jpg","garrison_bergelson_2020",1238,1239,"bottle","phone","eng","Do you see the",4393,34,1
"515","shoe.jpg","1120_1201","bottle.jpg","garrison_bergelson_2020",1201,1120,"bottle","shoes","eng","Do you see the",4394,34,1
"516","shoe10.jpg","1191_1192","bottle16.jpg","garrison_bergelson_2020",1192,1191,"bottle","shoes","eng","Do you see the",4395,34,1
"517","stroller.jpg","1183_1201","bottle.jpg","garrison_bergelson_2020",1201,1183,"bottle","stroller","eng","Where is the",4396,34,1
"518","stroller5.jpg","1206_1207","bottle17.jpg","garrison_bergelson_2020",1206,1207,"bottle","stroller","eng","Where is the",4397,34,1
"519","tablet3.jpg","1426_1427","bottle25.jpg","garrison_bergelson_2020",1427,1426,"bottle","tablet","eng","Look at the",4398,34,1
"520","wagon2.jpg","1441_1442","bottle24.jpg","garrison_bergelson_2020",1442,1441,"bottle","wagon","eng","Can you find the",4400,34,1
"521","diaper.jpg","1150_1201","bottle.jpg","garrison_bergelson_2020",1201,1150,"bottle","diaper","eng","Do you see the",4408,34,1
"522","tablet.jpg","1201_1252","bottle.jpg","garrison_bergelson_2020",1201,1252,"bottle","tablet","eng","Look at the",4416,34,1
"523","wagon.jpg","1201_1294","bottle.jpg","garrison_bergelson_2020",1201,1294,"bottle","wagon","eng","Can you find the",4418,34,1
"524","plate.jpg","1394_1395","broom.jpg","garrison_bergelson_2020",1394,1395,"broom","plate","eng","Look at the",4420,34,1
"525","plate5.jpg","1399_1400","broom3.jpg","garrison_bergelson_2020",1400,1399,"broom","plate","eng","Look at the",4422,34,1
"526","train.jpg","1133_1349","brush.jpg","garrison_bergelson_2020",1133,1349,"brush","train","eng","Can you find the",4424,34,1
"527","train20.jpg","1339_1340","brush6.jpg","garrison_bergelson_2020",1339,1340,"brush","train","eng","Can you find the",4425,34,1
"528","truck23.jpg","1136_1137","brush5.jpg","garrison_bergelson_2020",1137,1136,"brush","truck","eng","Look at the",4426,34,1
"529","water29.jpg","1381_1382","brush7.jpg","garrison_bergelson_2020",1381,1382,"brush","water","eng","Do you see the",4428,34,1
"530","truck7.jpg","1133_1134","brush.jpg","garrison_bergelson_2020",1133,1134,"brush","truck","eng","Look at the",4431,34,1
"531","water.jpg","1133_1165","brush.jpg","garrison_bergelson_2020",1133,1165,"brush","water","eng","Do you see the",4433,34,1
"532","duck.jpg","1437_1472","bunny.jpg","garrison_bergelson_2020",1472,1437,"bunny","duck","eng","Can you find the",4435,34,1
"533","duck12.jpg","1461_1462","bunny10.jpg","garrison_bergelson_2020",1461,1462,"bunny","duck","eng","Can you find the",4436,34,1
"534","diaper.jpg","1150_1256","car.jpg","garrison_bergelson_2020",1256,1150,"car","diaper","eng","Do you see the",4443,34,1
"535","diaper8.jpg","1248_1249","car18.jpg","garrison_bergelson_2020",1249,1248,"car","diaper","eng","Do you see the",4444,34,1
"536","shoes2.jpg","1256_1306","car.jpg","garrison_bergelson_2020",1256,1306,"car","shoes","eng","Look at the",4445,34,1
"537","shoes7.jpg","1439_1440","car22.jpg","garrison_bergelson_2020",1439,1440,"car","shoes","eng","Look at the",4447,34,1
"538","spoon.jpg","1184_1415","car3.jpg","garrison_bergelson_2020",1415,1184,"car","spoon","eng","Where is the",4449,34,1
"539","shoes3.jpg","1311_1312","car19.jpg","garrison_bergelson_2020",1312,1311,"car","shoes","eng","Look at the",4459,34,1
"540","spoon18.jpg","1413_1414","car21.jpg","garrison_bergelson_2020",1414,1413,"car","spoon","eng","Where is the",4461,34,1
"541","dog24.jpg","1473_1474","cat17.jpg","garrison_bergelson_2020",1474,1473,"cat","dog","eng","Can you find the",4465,34,1
"542","paci.jpg","1329_1330","cat2.jpg","garrison_bergelson_2020",1330,1329,"cat","pacifier","eng","Can you find the",4467,34,1
"543","paci5.jpg","1334_1335","cat16.jpg","garrison_bergelson_2020",1335,1334,"cat","pacifier","eng","Can you find the",4468,34,1
"544","dog.jpg","1164_1330","cat2.jpg","garrison_bergelson_2020",1330,1164,"cat","dog","eng","Can you find the",4471,34,1
"545","spoon.jpg","1184_1305","chair.jpg","garrison_bergelson_2020",1305,1184,"chair","spoon","eng","Can you find the",4483,34,1
"546","spoon19.jpg","1457_1458","chair17.jpg","garrison_bergelson_2020",1458,1457,"chair","spoon","eng","Can you find the",4484,34,1
"547","train.jpg","1305_1349","chair.jpg","garrison_bergelson_2020",1305,1349,"chair","train","eng","Look at the",4485,34,1
"548","train22.jpg","1446_1447","chair16.jpg","garrison_bergelson_2020",1446,1447,"chair","train","eng","Look at the",4493,34,1
"549","dog23.jpg","1371_1372","cow23.jpg","garrison_bergelson_2020",1371,1372,"cow","dog","eng","Do you see the",4499,34,1
"550","elephant21.jpg","1288_1289","cow21.jpg","garrison_bergelson_2020",1288,1289,"cow","elephant","eng","Look at the",4501,34,1
"551","puppy3.jpg","1187_1188","cow.jpg","garrison_bergelson_2020",1188,1187,"cow","dog","eng","Do you see the",4503,34,1
"552","puppy14.jpg","1114_1181","cow19.jpg","garrison_bergelson_2020",1181,1114,"cow","dog","eng","Do you see the",4504,34,1
"553","dog.jpg","1164_1188","cow.jpg","garrison_bergelson_2020",1188,1164,"cow","dog","eng","Do you see the",4505,34,1
"554","elephant.jpg","1124_1188","cow.jpg","garrison_bergelson_2020",1188,1124,"cow","elephant","eng","Look at the",4507,34,1
"555","highchair8.jpg","1411_1412","crib2.jpg","garrison_bergelson_2020",1411,1412,"crib","highchair","eng","Do you see the",4511,34,1
"556","highchair.jpg","1118_1418","crib.jpg","garrison_bergelson_2020",1418,1118,"crib","highchair","eng","Do you see the",4513,34,1
"557","piano7.jpg","1156_1157","cup18.jpg","garrison_bergelson_2020",1156,1157,"cup","piano","eng","Look at the",4523,34,1
"558","piano.jpg","1148_1149","cup.jpg","garrison_bergelson_2020",1149,1148,"cup","piano","eng","Look at the",4533,34,1
"559","fan.jpg","1150_1277","diaper.jpg","garrison_bergelson_2020",1150,1277,"diaper","fan","eng","Do you see the",4545,34,1
"560","highchair2.jpg","1121_1215","diaper5.jpg","garrison_bergelson_2020",1215,1121,"diaper","highchair","eng","Can you find the",4547,34,1
"561","shoe.jpg","1120_1150","diaper.jpg","garrison_bergelson_2020",1150,1120,"diaper","shoes","eng","Where is the",4548,34,1
"562","shoe19.jpg","1369_1370","diaper14.jpg","garrison_bergelson_2020",1370,1369,"diaper","shoes","eng","Where is the",4549,34,1
"563","spoon.jpg","1150_1184","diaper.jpg","garrison_bergelson_2020",1150,1184,"diaper","spoon","eng","Where is the",4550,34,1
"564","spoon16.jpg","1282_1283","diaper11.jpg","garrison_bergelson_2020",1282,1283,"diaper","spoon","eng","Where is the",4551,34,1
"565","fan5.jpg","1273_1274","diaper10.jpg","garrison_bergelson_2020",1274,1273,"diaper","fan","eng","Do you see the",4562,34,1
"566","highchair.jpg","1118_1150","diaper.jpg","garrison_bergelson_2020",1150,1118,"diaper","highchair","eng","Can you find the",4564,34,1
"567","kittycat4.jpg","1171_1178","dog21.jpg","garrison_bergelson_2020",1171,1178,"dog","cat","eng","Look at the",4577,34,1
"568","monkey18.jpg","1171_1172","dog21.jpg","garrison_bergelson_2020",1171,1172,"dog","monkey","eng","Look at the",4579,34,1
"569","teddybear4.jpg","1290_1291","dog22.jpg","garrison_bergelson_2020",1291,1290,"dog","teddybear","eng","Can you find the",4581,34,1
"570","kittycat3.jpg","1164_1177","dog.jpg","garrison_bergelson_2020",1164,1177,"dog","cat","eng","Look at the",4587,34,1
"571","monkey.jpg","1163_1164","dog.jpg","garrison_bergelson_2020",1164,1163,"dog","monkey","eng","Look at the",4589,34,1
"572","teddybear.jpg","1164_1300","dog.jpg","garrison_bergelson_2020",1164,1300,"dog","teddybear","eng","Can you find the",4591,34,1
"573","fish.jpg","1154_1456","doggy.jpg","garrison_bergelson_2020",1154,1456,"dog","fish","eng","Look at the",4601,34,1
"574","fish14.jpg","1459_1460","doggy25.jpg","garrison_bergelson_2020",1460,1459,"dog","fish","eng","Look at the",4611,34,1
"575","teddy.jpg","1264_1265","doll.jpg","garrison_bergelson_2020",1264,1265,"doll","teddybear","eng","Where is the",4613,34,1
"576","teddy6.jpg","1246_1270","doll7.jpg","garrison_bergelson_2020",1270,1246,"doll","teddybear","eng","Where is the",4614,34,1
"577","puppy18.jpg","1386_1387","dolly5.jpg","garrison_bergelson_2020",1387,1386,"doll","dog","eng","Look at the",4617,34,1
"578","puppy.jpg","1263_1383","dolly3.jpg","garrison_bergelson_2020",1383,1263,"doll","dog","eng","Look at the",4619,34,1
"579","stroller2.jpg","1307_1308","door.jpg","garrison_bergelson_2020",1308,1307,"door","stroller","eng","Where is the",4621,34,1
"580","stroller6.jpg","1303_1304","door6.jpg","garrison_bergelson_2020",1304,1303,"door","stroller","eng","Where is the",4623,34,1
"581","hammer.jpg","1332_1333","drum.jpg","garrison_bergelson_2020",1332,1333,"drum","hammer","eng","Where is the",4625,34,1
"582","hammer6.jpg","1327_1328","drum6.jpg","garrison_bergelson_2020",1327,1328,"drum","hammer","eng","Where is the",4626,34,1
"583","train.jpg","1349_1396","drum2.jpg","garrison_bergelson_2020",1396,1349,"drum","train","eng","Where is the",4627,34,1
"584","train21.jpg","1392_1393","drum7.jpg","garrison_bergelson_2020",1392,1393,"drum","train","eng","Where is the",4628,34,1
"585","kangaroo2.jpg","1430_1431","duck11.jpg","garrison_bergelson_2020",1430,1431,"duck","kangaroo","eng","Do you see the",4635,34,1
"586","kangaroo.jpg","1437_1438","duck.jpg","garrison_bergelson_2020",1437,1438,"duck","kangaroo","eng","Do you see the",4639,34,1
"587","wubby2.jpg","1384_1385","ducky7.jpg","garrison_bergelson_2020",1384,1385,"duck","pacifier","eng","Where is the",4641,34,1
"588","wubby3.jpg","1388_1389","ducky8.jpg","garrison_bergelson_2020",1389,1388,"duck","pacifier","eng","Where is the",4642,34,1
"589","giraffe.jpg","1124_1406","elephant.jpg","garrison_bergelson_2020",1124,1406,"elephant","giraffe","eng","Where is the",4649,34,1
"590","giraffe10.jpg","1409_1410","elephant22.jpg","garrison_bergelson_2020",1410,1409,"elephant","giraffe","eng","Where is the",4650,34,1
"591","kitty13.jpg","1243_1244","elephant19.jpg","garrison_bergelson_2020",1244,1243,"elephant","cat","eng","Look at the",4651,34,1
"592","kitty.jpg","1124_1127","elephant.jpg","garrison_bergelson_2020",1124,1127,"elephant","cat","eng","Look at the",4658,34,1
"593","train.jpg","1277_1349","fan.jpg","garrison_bergelson_2020",1277,1349,"fan","train","eng","Look at the",4662,34,1
"594","train19.jpg","1360_1361","fan6.jpg","garrison_bergelson_2020",1361,1360,"fan","train","eng","Look at the",4666,34,1
"595","lion.jpg","1485_1486","frog.jpg","garrison_bergelson_2020",1486,1485,"frog","lion","eng","Can you find the",4676,34,1
"596","lion7.jpg","1487_1488","frog8.jpg","garrison_bergelson_2020",1488,1487,"frog","lion","eng","Can you find the",4677,34,1
"597","water.jpg","1165_1231","garbage.jpg","garrison_bergelson_2020",1231,1165,"garbage","water","eng","Where is the",4680,34,1
"598","water100.jpg","1223_1224","garbage100.jpg","garrison_bergelson_2020",1223,1224,"garbage","water","eng","Where is the",4681,34,1
"599","tractor.jpg","1227_1228","gate.jpg","garrison_bergelson_2020",1227,1228,"gate","tractor","eng","Look at the",4684,34,1
"600","tractor100.jpg","1236_1237","gate100.jpg","garrison_bergelson_2020",1237,1236,"gate","tractor","eng","Look at the",4686,34,1
"601","keys.jpg","1162_1208","hat.jpg","garrison_bergelson_2020",1162,1208,"hat","keys","eng","Do you see the",4708,34,1
"602","truck22.jpg","1175_1176","hat6.jpg","garrison_bergelson_2020",1175,1176,"hat","truck","eng","Do you see the",4709,34,1
"603","truck7.jpg","1134_1179","hat3.jpg","garrison_bergelson_2020",1179,1134,"hat","truck","eng","Do you see the",4715,34,1
"604","paci3.jpg","1118_1469","highchair.jpg","garrison_bergelson_2020",1118,1469,"highchair","pacifier","eng","Do you see the",4731,34,1
"605","shoe.jpg","1118_1120","highchair.jpg","garrison_bergelson_2020",1118,1120,"highchair","shoes","eng","Where is the",4733,34,1
"606","shoe11.jpg","1174_1182","highchair3.jpg","garrison_bergelson_2020",1174,1182,"highchair","shoes","eng","Where is the",4735,34,1
"607","shoe18.jpg","1454_1455","highchair9.jpg","garrison_bergelson_2020",1454,1455,"highchair","shoes","eng","Where is the",4736,34,1
"608","sippycup.jpg","1118_1142","highchair.jpg","garrison_bergelson_2020",1118,1142,"highchair","sippycup","eng","Where is the",4737,34,1
"609","pacifier5.jpg","1463_1464","highchair10.jpg","garrison_bergelson_2020",1464,1463,"highchair","pacifier","eng","Do you see the",4747,34,1
"610","sippycup3.jpg","1373_1374","highchair7.jpg","garrison_bergelson_2020",1374,1373,"highchair","sippycup","eng","Where is the",4753,34,1
"611","owl.jpg","1197_1198","horse.jpg","garrison_bergelson_2020",1197,1198,"horse","owl","eng","Where is the",4754,34,1
"612","owl8.jpg","1193_1194","horse8.jpg","garrison_bergelson_2020",1193,1194,"horse","owl","eng","Where is the",4755,34,1
"613","milk.jpg","1208_1235","keys.jpg","garrison_bergelson_2020",1208,1235,"keys","milk","eng","Look at the",4765,34,1
"614","shoe.jpg","1120_1208","keys.jpg","garrison_bergelson_2020",1208,1120,"keys","shoes","eng","Look at the",4767,34,1
"615","sunglasses2.jpg","1208_1209","keys.jpg","garrison_bergelson_2020",1208,1209,"keys","glasses","eng","Look at the",4769,34,1
"616","water28.jpg","1275_1276","keys6.jpg","garrison_bergelson_2020",1276,1275,"keys","water","eng","Look at the",4771,34,1
"617","hat7.jpg","1221_1222","keys5.jpg","garrison_bergelson_2020",1221,1222,"keys","hat","eng","Do you see the",4775,34,1
"618","milk14.jpg","1419_1420","keys9.jpg","garrison_bergelson_2020",1420,1419,"keys","milk","eng","Look at the",4777,34,1
"619","shoe16.jpg","1296_1297","keys7.jpg","garrison_bergelson_2020",1296,1297,"keys","shoes","eng","Look at the",4779,34,1
"620","sunglasses4.jpg","1213_1214","keys4.jpg","garrison_bergelson_2020",1214,1213,"keys","glasses","eng","Look at the",4781,34,1
"621","water.jpg","1165_1208","keys.jpg","garrison_bergelson_2020",1208,1165,"keys","water","eng","Look at the",4783,34,1
"622","monkey.jpg","1127_1163","kitty.jpg","garrison_bergelson_2020",1127,1163,"cat","monkey","eng","Where is the",4788,34,1
"623","monkey21.jpg","1347_1348","kitty14.jpg","garrison_bergelson_2020",1348,1347,"cat","monkey","eng","Where is the",4789,34,1
"624","puppy2.jpg","1127_1128","kitty.jpg","garrison_bergelson_2020",1127,1128,"cat","dog","eng","Can you find the",4790,34,1
"625","puppy14.jpg","1113_1114","kitty12.jpg","garrison_bergelson_2020",1113,1114,"cat","dog","eng","Can you find the",4791,34,1
"626","shoes4.jpg","1337_1338","maraca3.jpg","garrison_bergelson_2020",1337,1338,"maraca","shoes","eng","Look at the",4807,34,1
"627","shoes2.jpg","1306_1331","maraca.jpg","garrison_bergelson_2020",1331,1306,"maraca","shoes","eng","Look at the",4809,34,1
"628","paci.jpg","1235_1329","milk.jpg","garrison_bergelson_2020",1235,1329,"milk","pacifier","eng","Where is the",4815,34,1
"629","paci8.jpg","1498_1499","milk17.jpg","garrison_bergelson_2020",1499,1498,"milk","pacifier","eng","Where is the",4816,34,1
"630","phone.jpg","1216_1235","milk.jpg","garrison_bergelson_2020",1235,1216,"milk","phone","eng","Do you see the",4817,34,1
"631","remote.jpg","1234_1235","milk.jpg","garrison_bergelson_2020",1235,1234,"milk","remote","eng","Do you see the",4819,34,1
"632","remote100.jpg","1229_1230","milk100.jpg","garrison_bergelson_2020",1229,1230,"milk","remote","eng","Do you see the",4820,34,1
"633","wagon1.jpg","1298_1299","milk1.jpg","garrison_bergelson_2020",1298,1299,"milk","wagon","eng","Where is the",4821,34,1
"634","phone16.jpg","1403_1404","milk13.jpg","garrison_bergelson_2020",1404,1403,"milk","phone","eng","Do you see the",4829,34,1
"635","wagon.jpg","1294_1295","milk9.jpg","garrison_bergelson_2020",1295,1294,"milk","wagon","eng","Where is the",4832,34,1
"636","teddy6.jpg","1245_1246","monkey20.jpg","garrison_bergelson_2020",1245,1246,"monkey","teddybear","eng","Where is the",4838,34,1
"637","tiger.jpg","1163_1195","monkey.jpg","garrison_bergelson_2020",1163,1195,"monkey","tiger","eng","Can you find the",4840,34,1
"638","tiger5.jpg","1199_1200","monkey19.jpg","garrison_bergelson_2020",1200,1199,"monkey","tiger","eng","Can you find the",4841,34,1
"639","teddy2.jpg","1163_1242","monkey.jpg","garrison_bergelson_2020",1163,1242,"monkey","teddybear","eng","Where is the",4845,34,1
"640","remote3.jpg","1428_1429","pacifier4.jpg","garrison_bergelson_2020",1428,1429,"pacifier","remote","eng","Where is the",4872,34,1
"641","water.jpg","1165_1425","pacifier.jpg","garrison_bergelson_2020",1425,1165,"pacifier","water","eng","Where is the",4874,34,1
"642","water31.jpg","1479_1480","pacifier6.jpg","garrison_bergelson_2020",1480,1479,"pacifier","water","eng","Where is the",4875,34,1
"643","remote.jpg","1234_1425","pacifier.jpg","garrison_bergelson_2020",1425,1234,"pacifier","remote","eng","Where is the",4877,34,1
"644","shoe.jpg","1120_1216","phone.jpg","garrison_bergelson_2020",1216,1120,"phone","shoes","eng","Where is the",4892,34,1
"645","shoe12.jpg","1217_1218","phone12.jpg","garrison_bergelson_2020",1217,1218,"phone","shoes","eng","Where is the",4893,34,1
"646","water.jpg","1165_1466","puzzle.jpg","garrison_bergelson_2020",1466,1165,"puzzle","water","eng","Where is the",4940,34,1
"647","water30.jpg","1470_1471","puzzle9.jpg","garrison_bergelson_2020",1471,1470,"puzzle","water","eng","Where is the",4941,34,1
"648","tablet.jpg","1120_1252","shoe.jpg","garrison_bergelson_2020",1120,1252,"shoes","tablet","eng","Can you find the",4978,34,1
"649","tablet2.jpg","1254_1255","shoe14.jpg","garrison_bergelson_2020",1254,1255,"shoes","tablet","eng","Can you find the",5001,34,1
"650","table.jpg","1268_1445","slide.jpg","garrison_bergelson_2020",1445,1268,"slide","table","eng","Where is the",5037,34,1
"651","table6.jpg","1450_1451","slide7.jpg","garrison_bergelson_2020",1451,1450,"slide","table","eng","Where is the",5038,34,1
"652","water.jpg","1165_1166","sock.jpg","garrison_bergelson_2020",1166,1165,"socks","water","eng","Where is the",5041,34,1
"653","water25.jpg","1160_1161","sock6.jpg","garrison_bergelson_2020",1161,1160,"socks","water","eng","Where is the",5043,34,1
"654","water.jpg","1165_1184","spoon.jpg","garrison_bergelson_2020",1184,1165,"spoon","water","eng","Look at the",5063,34,1
"655","water27.jpg","1219_1220","spoon15.jpg","garrison_bergelson_2020",1220,1219,"spoon","water","eng","Look at the",5079,34,1
"656","waterbottle.jpg","1354_1355","truck.jpg","garrison_bergelson_2020",1354,1355,"truck","water","eng","Where is the",5155,34,1
"657","waterbottle2.jpg","1352_1353","truck24.jpg","garrison_bergelson_2020",1352,1353,"truck","water","eng","Where is the",5156,34,1
"658","dog3.jpg","1500_1510","book3.jpg","mahr_coartic",1500,1510,"book","dog","eng","Wheres the Book",5217,35,1
"659","duck1.jpg","1501_1522","ball1.jpg","mahr_coartic",1522,1501,"ball","duck","eng","Find the Ball",5218,35,0
"660","cup1.jpg","1502_1526","sock1.jpg","mahr_coartic",1526,1502,"sock","cup","eng","See the Sock",5219,35,1
"661","ball2.jpg","1503_1512","duck2.jpg","mahr_coartic",1503,1512,"duck","ball","eng","Wheres the Duck",5220,35,0
"662","dog4.jpg","1504_1523","book4.jpg","mahr_coartic",1504,1523,"book","dog","eng","Wheres the Book",5221,35,0
"663","car1.jpg","1505_1517","cat1.jpg","mahr_coartic",1517,1505,"cat","car","eng","Find the Cat",5222,35,1
"664","duck4.jpg","1506_1520","ball4.jpg","mahr_coartic",1506,1520,"ball","duck","eng","Find the Ball",5223,35,1
"665","dog2.jpg","1507_1519","book2.jpg","mahr_coartic",1519,1507,"book","dog","eng","See the Book",5224,35,1
"666","shoe1.jpg","1508_1525","cookie1.jpg","mahr_coartic",1508,1525,"cookie","shoe","eng","Wheres the Cookie",5225,35,1
"667","duck3.jpg","1509_1514","ball3.jpg","mahr_coartic",1514,1509,"ball","duck","eng","Find the Ball",5226,35,1
"668","cat2.jpg","1511_1521","car2.jpg","mahr_coartic",1511,1521,"car","cat","eng","See the Car",5228,35,1
"669","cookie2.jpg","1513_1524","shoe2.jpg","mahr_coartic",1524,1513,"shoe","cookie","eng","Find the Shoe",5231,35,1
"670","book1.jpg","1515_1518","dog1.jpg","mahr_coartic",1515,1518,"dog","book","eng","See the Dog",5233,35,1
"671","sock2.jpg","1516_1527","cup2.jpg","mahr_coartic",1516,1527,"cup","sock","eng","Wheres the Cup",5234,35,1
"672","book.png","1528_1533","dog.png","byers-heinlein_2017",1533,1528,"dog","book","eng",NA,5263,36,1
"673","foot.png","1531_1536","cookie.png","byers-heinlein_2017",1531,1536,"cookie","foot","eng",NA,5264,36,1
"674","cookie.png","1530_1537","foot.png","byers-heinlein_2017",1537,1530,"foot","cookie","multiple",NA,5265,36,0
"675","mouth.png","1535_1538","door.png","byers-heinlein_2017",1535,1538,"door","mouth","multiple",NA,5267,36,0
"676","door.png","1534_1539","mouth.png","byers-heinlein_2017",1539,1534,"mouth","door","eng",NA,5269,36,1
"677","book.png","1529_1532","dog.png","byers-heinlein_2017",1532,1529,"dog","book","multiple",NA,5270,36,0
"678","shoe_female.png","1540_1549","pajamas_male.png","bacon_gendercues",1540,1549,"pajamas","shoe","eng",NA,5335,37,1
"679","cup_female.png","1541_1546","toothbrush_male.png","bacon_gendercues",1541,1546,"toothbrush","cup","eng",NA,5336,37,1
"680","bowl_male.png","1542_1548","coat_female.png","bacon_gendercues",1542,1548,"coat","bowl","eng",NA,5337,37,1
"681","sock_female.png","1543_1545","bib_male.png","bacon_gendercues",1543,1545,"bib","sock","eng",NA,5338,37,1
"682","hat_male.png","1544_1547","shirt_female.png","bacon_gendercues",1544,1547,"shirt","hat","eng",NA,5339,37,1
"683","book.jpg","1550_1551","dog.jpg","frank_tablet_2016",1550,1551,"dog","book","eng",NA,5415,38,1
"684","baby.jpg","1552_1553","cookie.jpg","frank_tablet_2016",1552,1553,"cookie","baby","eng",NA,5416,38,1
"685","bird.jpg","1554_1555","bottle.jpg","frank_tablet_2016",1555,1554,"bottle","bird","eng",NA,5417,38,1
"686","ball.jpg","1556_1557","cat.jpg","frank_tablet_2016",1557,1556,"cat","ball","eng",NA,5418,38,1
"687","clock.jpg","1558_1559","horse.jpg","frank_tablet_2016",1558,1559,"horse","clock","eng",NA,5419,38,1
"688","lamp.jpg","1560_1561","carrot.jpg","frank_tablet_2016",1560,1561,"carrot","lamp","eng",NA,5420,38,1
"689","table.jpg","1562_1563","lion.jpg","frank_tablet_2016",1563,1562,"lion","table","eng",NA,5421,38,1
"690","sheep.jpg","1564_1565","hammer.jpg","frank_tablet_2016",1565,1564,"hammer","sheep","eng",NA,5422,38,1
"691","car.jpg","1566_1567","fep.jpg","frank_tablet_2016",1567,1566,NA,"car","eng",NA,5423,38,0
"692","apple.jpg","1568_1569","wug.jpg","frank_tablet_2016",1569,1568,NA,"apple","eng",NA,5424,38,0
"693","cup.jpg","1570_1571","dax.jpg","frank_tablet_2016",1570,1571,NA,"cup","eng",NA,5425,38,0
"694","shoe.jpg","1572_1573","kreeb.jpg","frank_tablet_2016",1572,1573,NA,"shoe","eng",NA,5426,38,0
"695","monkey.jpg","1574_1575","toma.jpg","frank_tablet_2016",1575,1574,NA,"monkey","eng",NA,5427,38,0
"696","frog.jpg","1576_1577","pifo.jpg","frank_tablet_2016",1577,1576,NA,"frog","eng",NA,5428,38,0
"697","train.jpg","1578_1579","dofa.jpg","frank_tablet_2016",1578,1579,NA,"train","eng",NA,5429,38,0
"698","shovel.jpg","1580_1581","modi.jpg","frank_tablet_2016",1580,1581,NA,"shovel","eng",NA,5430,38,0
